name,first_review,div1_slope,div2_slope,div3_slope,div4_slope,total_slope,div1_mean,div2_mean,div3_mean,div4_mean,total_mean,div1_kurtosis,div2_kurtosis,div3_kurtosis,div4_kurtosis,total_kurtosis,div1_skew,div2_skew,div3_skew,div4_skew,total_skew,div1_median,div2_median,div3_median,div4_median,total_median,div1_std,div2_std,div3_std,div4_std,total_std,div1_var,div2_var,div3_var,div4_var,total_var,div1_number_reviews,div2_number_reviews,div3_number_reviews,div4_number_reviews,total_number_reviews,div1_avg_length_reviews,div2_avg_length_reviews,div3_avg_length_reviews,div4_avg_length_reviews,total_avg_length_reviews,div1_food_quality,div2_food_quality,div3_food_quality,div4_food_quality,total_food_quality,div1_menu,div2_menu,div3_menu,div4_menu,total_menu,div1_service,div2_service,div3_service,div4_service,total_service,div1_value,div2_value,div3_value,div4_value,total_value,div1_wait time,div2_wait time,div3_wait time,div4_wait time,total_wait time,michelin__0.5,michelin__1.0,security,at_risk,actual
aska,0.05275731634481386,0.6537681689886611,0.7420472440944883,1.0,0.1562175268444752,0.8717948717948717,0.1428571428571428,1.0,0.7952167414050821,1.0,0.874014368319608,0.0,0.0,0.1836734693877554,0.0,0.3497583410959762,0.883220608395573,1.0,0.7113248654051862,1.0,0.6110495152710724,0.33333333333333337,1.0,1.0,1.0,1.0,0.6310746041659502,0.0,0.07685863390656184,0.0,0.4726454712213274,0.44483686255330407,0.0,0.04126984126984126,0.0,0.2233937414660306,0.0,0.0018963337547408345,0.0018796992481203006,0.0008410428931875525,0.0014668901927912825,0.5262599469496021,0.7632417363600159,0.5864304235090753,0.4086845466155811,0.6611237087427564,0.1818181818181818,0.07692307692307691,0.0,0.17910447761194032,0.0,0.0,1.0,1.0,1.0,0.7777777777777778,0.1798107255520505,0.06488549618320609,0.0,0.03908998514580564,0.016728189881240706,0.3333333333333333,0.0,0.1505911636589919,0.018181818181818177,0.0,0.2,1.0,1.0,0.5854503464203233,0.9140461215932912,1,0,0.6998072231053873,0.0,0
blanca,0.4457495520605216,0.6664412510566358,0.741705922053861,0.19051745481554838,0.27301201514097795,0.7665092807543582,0.8351648351648349,0.3388888888888886,0.47341447789878277,0.2300956125457958,0.39022954266690046,0.12330640335128659,0.11191341508692329,0.46892874796977646,0.12062497623968664,0.2210257638592079,0.7403208490843578,0.8473588780277914,0.4583310500186424,0.7901706439321047,0.7451087585891313,0.9999999999999999,0.0,1.0,0.0,1.0,0.30535240827622967,0.6956306661977498,0.6858509452614676,1.0,0.8776964042716935,0.09324009324009326,0.4839020237547253,0.5777777777777774,1.0,0.7703509780714599,0.02962962962962963,0.03160556257901391,0.03070175438596491,0.031118587047939447,0.03101424979044426,0.7861660885533563,0.6324014336917563,0.44532834741502475,0.3494839502099031,0.5507742144476837,0.1818181818181818,0.25692307692307687,0.02040816326530612,0.17910447761194032,0.04,0.9230769230769231,0.09657360406091373,0.46938775510204084,0.21490013121446275,0.31333333333333335,0.3457898568308664,0.06488549618320609,0.0,0.03908998514580564,0.03245268836960698,0.641025641025641,0.392,0.5378255844963997,0.12153110047846888,0.44289508632138114,0.5076923076923077,0.16158192090395482,0.5403726708074534,0.27999270694056155,0.35018867924528296,1,0,0.3214755041038664,1.0,0
cafe-boulud,0.9124029464463468,0.6343677375256322,0.733612670797777,0.20925214640187845,0.1567699365050565,0.7691668658412738,0.5714285714285714,0.4197322322322319,0.4390719438487034,0.4396902860362246,0.4334874280143426,0.39843905844803507,0.19440593254195698,0.4351546639030095,0.22011077933892567,0.24330528596960166,0.5146555871341353,0.7221865925606495,0.46672162778542026,0.6949197502711386,0.7130144249694091,0.6666666666666666,0.0,1.0,0.0,0.0,0.6822422923379535,0.624362625707808,0.7612865104265363,0.6943879173657033,0.7966156103879484,0.4654545454545456,0.38982868838074836,0.670132143899287,0.4821745797834788,0.6345964307137635,0.18518518518518517,0.18710493046776233,0.18734335839598998,0.18671152228763666,0.18692372170997487,0.41703196984503693,0.46765919144951396,0.2860875924646546,0.4255922800327729,0.3932461234200722,0.2033492822966507,0.15800415800415799,0.020066889632107024,0.2031992503848471,0.031879194630872486,0.6973684210526316,0.464184044450542,0.35785953177257523,0.4871619691191633,0.42841163310961966,0.1798107255520505,0.06488549618320609,0.0,0.03908998514580564,0.016728189881240706,0.49122807017543857,0.39729729729729724,0.5031457274091402,0.19869547492865877,0.45879123327718213,0.25263157894736843,0.24110551229195298,0.3241238912316417,0.18577242929193546,0.23679878434848675,0,0,0.6058514777562894,0.0,0
cote,0.08381445351383635,0.6493599423831983,0.7648398901772471,0.21252460456252892,0.1377865588069243,0.7695600891351132,0.5614617940199336,0.20524691358024683,0.4692599570143545,0.3324440132589537,0.32824262001245286,0.24982065217819824,0.13285588911491847,0.5127398562554608,0.1520935494144684,0.21367076781586783,0.5989453366720734,0.8002172698019849,0.4191577493049884,0.7516859231864432,0.759174997042436,0.9999999999999999,0.0,1.0,0.0,0.0,0.7839115164864313,0.78610248470439,0.6604077511083573,0.8819738315137318,0.8972526996872002,0.6145172656800565,0.6179571164584158,0.5479155764870051,0.7778778394750124,0.805062407095969,0.1037037037037037,0.10619469026548674,0.10588972431077694,0.10513036164844407,0.10561609388097233,0.43662944913947316,0.49903638277294193,0.33687152552254607,0.47933448699732223,0.4460052419236093,0.3340380549682875,0.4697802197802197,0.14201183431952663,0.32125088841506755,0.18972332015810275,0.5,0.043993231810490696,0.05917159763313609,0.01343270456843864,0.037549407114624504,0.1798107255520505,0.06488549618320609,0.0,0.03908998514580564,0.016728189881240706,0.4263565891472868,0.15,0.3751413011860094,0.07272727272727271,0.2112104939924098,0.2,0.20197740112994353,0.43452534087985595,0.13141977345210598,0.21724215079424264,0,0,0.42504951602713814,1.0,0
daniel,0.9520207047581127,0.6474669890467208,0.740016864331938,0.21190855941419146,0.15449194707741473,0.7693032592633897,0.7804014167650533,0.6615378592122774,0.6908850601840926,0.756881784017855,0.7599642175352526,0.6032350284148158,0.26741540201605585,0.7723493222110275,0.47302270333463564,0.3338114321416563,0.3557381515189286,0.5812790937547719,0.19409393540165887,0.4168470972645417,0.5528776650473254,0.9999999999999999,1.0,1.0,1.0,1.0,0.49307754924732755,0.5711746405986885,0.42136795835199353,0.5414300283784549,0.632977643874024,0.24312546957175074,0.32624047006304097,0.2990707993612721,0.29314647562989443,0.4006606976443107,0.2962962962962963,0.29898862199747156,0.2976190476190476,0.29857022708158115,0.298197820620285,0.45059078852182294,0.619705431408357,0.33110039576036027,0.2966772203502154,0.4403712228416847,0.1818181818181818,0.1086355504960156,0.021052631578947368,0.22438369948012749,0.02526315789473684,0.7892561983471074,0.5607017525031929,0.4863157894736842,0.5642254660898254,0.5382456140350877,0.1798107255520505,0.06488549618320609,0.009918458117123795,0.03908998514580564,0.020038610615633605,0.8181818181818181,0.8405919661733615,0.8074856712409524,0.3243105209397344,0.9020060110435453,0.3322314049586777,0.3745894100643805,0.5989016018306637,0.28036043283078593,0.4294472029129427,1,0,0.8185411416795494,0.0,0
delaware-and-hudson,0.3077841927135178,0.6434174521131043,0.7146325898442365,0.20185330413554664,0.1560323243701215,0.767044063027187,0.9627329192546581,0.36658249158249134,0.406358643623721,0.27222968350100096,0.4068766328754556,0.9658402439371898,0.15793653195132887,0.3859668165422957,0.12135636727359525,0.21671505647955136,0.0,0.7436788231113941,0.5977812597198456,0.8139610082013738,0.7547656684841554,0.9999999999999999,0.0,0.0,0.0,1.0,0.17373328834652896,0.7382822358966314,0.6385740496640222,0.8765268150720388,0.8484208924738955,0.030183255479698176,0.5450606598405293,0.5228075295491024,0.7682992575403321,0.7198180107862012,0.05432098765432099,0.05562579013906448,0.05576441102756892,0.055508830950378465,0.05553227158424141,0.22576404105639486,0.44429510155316604,0.26444796208714905,0.21046052680981486,0.29779102652296874,0.1818181818181818,0.1451048951048951,0.033707865168539325,0.2325685007796837,0.03932584269662921,0.8478260869565217,0.33839986155976004,0.1797752808988764,0.24302311158887008,0.29213483146067415,0.1798107255520505,0.06488549618320609,0.0,0.09860011178568885,0.03439616571086572,0.5652173913043478,0.1590909090909091,0.316410647238556,0.1061058344640434,0.23799931360699522,0.23478260869565218,0.1955572675911659,0.32975085490962386,0.09665299369204783,0.1742633029467882,0,0,0.2429882128330283,1.0,1
dovetail,0.7720485765478798,0.6508731057772459,0.7410622545613286,0.21527171642271484,0.15296675749973468,0.7693406852463188,0.6714285714285715,0.2814009661835746,0.36719336399853697,0.4220186171769802,0.3603111183401597,0.3821094321049291,0.14399945390203087,0.39098302866850126,0.16902795810253599,0.21948616724869555,0.5746558549569227,0.7974509128291648,0.5373871663908215,0.7431640710054928,0.7621730640272983,0.6666666666666666,0.0,0.0,0.0,0.0,0.4885961988246598,0.6972086892137664,0.7559620734695671,0.7459838921572612,0.8202082698006703,0.23872624550590654,0.4860999563151783,0.6634262880822,0.5564919673580964,0.672741605849409,0.145679012345679,0.14538558786346398,0.14598997493734334,0.14550042052144657,0.14564124056999161,0.5526613616268787,0.5537998026076567,0.35674620985900346,0.30225005149037387,0.4416521544738686,0.1818181818181818,0.16822742474916386,0.02145922746781116,0.2305712815234174,0.03658536585365854,0.8083333333333333,0.32788567645111455,0.3605150214592275,0.43418664628904385,0.3902439024390244,0.1798107255520505,0.06488549618320609,0.020220032642205163,0.03908998514580564,0.023496266705501652,0.4666666666666667,0.29217391304347823,0.42204304664944936,0.13103448275862067,0.3315289773474252,0.3066666666666667,0.1729304839105871,0.28941966784847917,0.13754612301239677,0.18423973362930077,0,0,0.3723115518704223,1.0,1
eleven-madison-park,0.9677483575552459,0.6484031019148077,0.7433251396899963,0.21196637707737973,0.1511089227588106,0.7691178301706716,0.7456828885400315,0.7098940300073444,0.7394190557766915,0.5990081315342684,0.7444831747720371,0.49883213984047703,0.3428992600896381,0.906995279554734,0.24540833687972408,0.32140366663456954,0.4176337875474065,0.5061069952159034,0.11555848937623259,0.6271417831343631,0.5698738750848084,0.9999999999999999,1.0,1.0,1.0,1.0,0.5391952250636969,0.5474203886526318,0.331927226376109,0.6706298736309556,0.6472486331872516,0.29073149073149074,0.29966908191259845,0.2206979705951064,0.44974442740627146,0.4189307931627653,0.2222222222222222,0.2231352718078382,0.22305764411027568,0.2228763666947014,0.22296730930427494,0.44835164835164826,0.6612767844148635,0.45456940168782106,0.4222840859259492,0.5496146461801015,0.1908091908091908,0.15341032904772278,0.0056179775280898875,0.22623723487824038,0.026735459662288928,0.7362637362637363,0.567765778461627,0.5842696629213483,0.43173723783142065,0.5309568480300187,0.1798107255520505,0.07205414873602489,0.019850846652951417,0.03908998514580564,0.025578751882197326,0.684981684981685,0.8487252124645892,0.9796885815568124,0.3319207108680793,0.9646218129358738,0.2175824175824176,0.3770906355532082,0.6785539814362482,0.3018111097605445,0.444121915820029,0,1,0.8808455772760403,0.0,0
faro,0.23472028668126615,0.680161943319838,0.6438410409966361,0.23200325063953356,0.19478033169728537,0.768784229024289,0.6616541353383458,0.3335941575378194,0.30885650224215233,0.36791800289253596,0.33857543367793985,0.3662132538687674,0.12087517125712646,0.316292471931384,0.13814712849007058,0.19949067898192605,0.4811910662085698,0.789565463704138,0.6124958633387529,0.7930061604149915,0.7856561670753086,0.9999999999999999,0.0,0.0,0.0,0.0,0.7407052977520968,0.7525132378276577,0.8573782425345342,0.7901594215894738,0.8929135402212264,0.5486443381180225,0.566276173105865,0.7960429242119382,0.6243519115266117,0.7972945903104037,0.04444444444444444,0.04487989886219975,0.045112781954887216,0.044575273338940284,0.04484492875104778,0.2755270138210247,0.3273091355781042,0.27657735522904064,0.20817225755497365,0.26678184501313756,0.354066985645933,0.24593716143011912,0.013888888888888888,0.27860696517412936,0.08333333333333333,0.5789473684210527,0.16585043254450563,0.2222222222222222,0.26336308607776754,0.20833333333333334,0.1798107255520505,0.06488549618320609,0.06543427230046948,0.03908998514580564,0.038567771115082736,0.5438596491228069,0.4338028169014084,0.531252160685888,0.0,0.34768334071122914,0.11578947368421054,0.3260125726108061,0.36594202898550726,0.15554700196732527,0.24790356394129975,0,0,0.41257483723957034,1.0,0
gramercy-tavern,0.9715309575950627,0.6473294311408044,0.740532156767839,0.21152617423549627,0.15666830912736548,0.769218044689986,0.8486238532110091,0.6472974741525976,0.6748826537026948,0.695723103002091,0.7391772871066347,0.5134612608308115,0.2863495427077075,0.738187258036585,0.36771350495973887,0.33144866915686083,0.40422603375535804,0.6076400801737628,0.2372266368540178,0.5090421544475616,0.5764196307027007,0.9999999999999999,1.0,1.0,1.0,1.0,0.35640703959016085,0.5150767546442776,0.39663072026054574,0.590729326483398,0.6089549774317682,0.12702597786942246,0.2653040631748814,0.27659184305519746,0.3489611371675291,0.3708261645389252,0.5358024691358025,0.5366624525916561,0.5363408521303258,0.5365853658536586,0.5364626990779547,0.44048134718808546,0.47925382732936206,0.3010883569334163,0.26325238607360457,0.36503106502628563,0.20058381984987486,0.2041315574884479,0.05724299065420561,0.25197953892509284,0.06791569086651054,0.7798165137614679,0.4584880390785218,0.44509345794392524,0.4304032876854851,0.45550351288056207,0.1798107255520505,0.10661397782752945,0.07154962485191523,0.18572330970683246,0.09682370325875038,0.7370030581039755,0.6760895170789163,0.5766797131707657,0.24558258642765685,0.6674317561914714,0.3467889908256881,0.3879139965263221,0.5875660300690777,0.26432033308395403,0.42690704490890075,0,0,0.699035326625145,0.0,0
kajitsu,0.060521600637069475,0.6537681689886611,0.716547702246227,0.22130900635527978,0.17574389923402522,0.9999999999999999,0.5714285714285714,1.0,1.0,1.0,0.9370071841598042,0.0,0.0,0.0,0.0,0.34975834109597603,0.883220608395573,1.0,1.0,1.0,0.7433592376460783,0.6666666666666666,1.0,1.0,1.0,1.0,0.6310746041659502,0.6910184300334196,0.5998726655870714,0.6682678072621301,0.30699223879600224,0.44483686255330407,0.49449049859039657,0.4962709493507853,0.47003463044851806,0.09424423468098166,0.0,0.0006321112515802782,0.0006265664160401002,0.0,0.00041911148365465214,0.45464190981432356,0.4235364396654719,0.22774416594641314,0.040249235651534515,0.29122125040492386,0.1818181818181818,0.07692307692307691,0.0,0.17910447761194032,0.0,1.0,1.0,1.0,1.0,1.0,0.1798107255520505,0.06488549618320609,0.0,0.03908998514580564,0.016728189881240706,0.3333333333333333,0.0,0.1505911636589919,0.018181818181818177,0.0,0.2,0.2090395480225989,0.391304347826087,1.0,0.6132075471698113,0,0,0.5994124229729042,0.0,0
ko,0.01712124228548676,0.6537681689886611,0.716547702246227,0.22130900635527978,0.17574389923402522,0.7692307692307692,1.0,0.35185185185185164,0.3856502242152464,1.0,0.7480287366392151,0.0,0.0,0.0,0.0,0.0,0.883220608395573,1.0,1.0,1.0,1.0,0.9999999999999999,0.0,0.0,1.0,0.5,0.6310746041659502,0.6910184300334196,0.5998726655870714,0.6682678072621301,0.35448410341599557,0.44483686255330407,0.49449049859039657,0.4962709493507853,0.47003463044851806,0.12565897957464223,0.0,0.0006321112515802782,0.0006265664160401002,0.0,0.00041911148365465214,1.0,0.9999999999999999,1.0,0.4093037656256047,1.0,0.1818181818181818,0.07692307692307691,0.0,0.17910447761194032,0.0,1.0,1.0,1.0,0.00554016620498615,0.75,0.1798107255520505,0.06488549618320609,0.0,0.03908998514580564,0.016728189881240706,0.3333333333333333,0.0,0.1505911636589919,0.9999999999999999,0.7221115537848606,1.0,0.2090395480225989,0.391304347826087,1.0,0.9999999999999999,1,0,0.6893318355162779,0.0,0
la-sirena,0.40891897272546285,0.6537681689886611,0.7420472440944883,0.21143847487001732,0.17574389923402522,0.0,1.0,0.435216735619417,0.46425516451454696,0.3904923599320882,0.7480287366392151,0.0,0.1919125340159297,0.47152385557278365,0.0,0.25923599835091143,0.883220608395573,0.7129474805491575,0.49988461551140284,1.0,1.0,0.9999999999999999,0.523076923076923,0.5,0.0,0.5,0.6310746041659502,0.6910184300334196,0.5998726655870714,0.6682678072621301,0.35448410341599557,0.44483686255330407,0.49449049859039657,0.4962709493507853,0.47003463044851806,0.12565897957464223,0.0,0.0,0.0,0.0,0.0,0.0,0.0,0.0,0.0,0.0,0.9999999999999999,0.2743046753442554,0.08411493923296048,0.17910447761194032,0.75,0.5,0.3131393305128371,0.3071218586380739,0.00554016620498615,0.0,0.1798107255520505,0.09469909099894952,0.03620005413126244,0.03908998514580564,0.016728189881240706,0.3333333333333333,0.40747319453573194,0.454268806217129,0.018181818181818177,0.0,0.2,0.22630328898576207,0.42458386264290743,1.0,0.9999999999999999,0,0,0.31390403676530343,1.0,1
meadowsweet,0.29902448735815246,0.6351084812623274,0.7072407953009245,0.21116202285923955,0.2056293113482328,0.7679533853130327,0.8516483516483517,0.4916485112563542,0.307350742987778,0.4221550944810706,0.4439396386744896,0.7887627076484917,0.2126351304132511,0.31931968442307274,0.22413864973399528,0.23582440286614034,0.18539216615780718,0.6629626256804366,0.6477852643535249,0.6680796829962523,0.7162772502184953,0.9999999999999999,1.0,0.0,0.0,1.0,0.44939742095170276,0.6718740480363463,0.7668099094530039,0.7662944974476616,0.826344645373927,0.20195804195804193,0.45141473642474667,0.6771186362333712,0.5872072568185642,0.6828454729381612,0.0617283950617284,0.06447534766118837,0.06390977443609022,0.063919259882254,0.06391450125733444,0.21871046725158128,0.3845140206620282,0.2641635738132764,0.21319630097059566,0.27637808652233964,0.30769230769230765,0.40045248868778277,0.10784313725490197,0.41170769528978485,0.1758957654723127,0.7307692307692308,0.27174778540857975,0.10784313725490197,0.3025866100658344,0.24104234527687296,0.1798107255520505,0.06488549618320609,0.0,0.03908998514580564,0.016728189881240706,0.5384615384615384,0.5215686274509804,0.5433092963383237,0.13293978748524202,0.4798395992576924,0.2923076923076923,0.24393486208042542,0.2659846547314578,0.16013316937104463,0.21633581218118123,0,0,0.46006153365928637,1.0,0
the-modern,0.9072267569181764,0.6509858846700952,0.7353934949189428,0.2105422496322366,0.15762789593998464,0.7696317640279777,0.5885714285714285,0.4390166028097062,0.57921248233921,0.6855051902845934,0.5771715101137516,0.41330096000177974,0.1929507874055671,0.615154296989831,0.4045822559321346,0.27560108840760345,0.557953342964441,0.7339387062420561,0.34195904911692154,0.49435099361622137,0.6697233907436674,0.6666666666666666,0.0,1.0,1.0,1.0,0.5817874684768128,0.591175231292016,0.5171254794171467,0.5792840256160036,0.6893734151030231,0.33847665847665853,0.3494881540931687,0.3918740739246317,0.33556998233388263,0.47523570545080496,0.18271604938271604,0.18331226295828068,0.18295739348370926,0.18334735071488645,0.183151718357083,0.41517241379310343,0.5243439212293494,0.3620531961497022,0.32942451333255934,0.42640000118333915,0.2145454545454545,0.21140583554376657,0.0547945205479452,0.21999591085667555,0.06335616438356165,0.6733333333333333,0.439252581830912,0.4965753424657534,0.609481526454926,0.4931506849315068,0.1798107255520505,0.06488549618320609,0.008067239050742813,0.03908998514580564,0.019420740992262327,0.5111111111111111,0.5213793103448275,0.4249558864897579,0.210958904109589,0.4781103894922593,0.22133333333333335,0.3154100915643873,0.5851697438951757,0.2844759403967224,0.38360472128887735,1,0,0.5292659658874097,0.0,0
peter-luger,0.9649611785785388,0.6458545906821769,0.7410002203496963,0.2115319697299421,0.15628076254363937,0.7692163324249356,0.6833216045038706,0.3485742379547685,0.3783365364082849,0.4155897333466494,0.39033932486794587,0.4647846673039306,0.1450636955010066,0.3661846922253962,0.18072703644995186,0.21673812375939697,0.4287176031223315,0.7683304897877431,0.5737348200037076,0.7171930566956644,0.7543234812124973,0.9999999999999999,0.0,0.0,1.0,0.0,0.6386891198633636,0.7322195687214083,0.7303384408692954,0.8019536442115373,0.8548365085897296,0.4079237918318381,0.5361454968185652,0.631552399434172,0.6431296474641648,0.7307454564178788,1.0,1.0,1.0,1.0,1.0,0.3488011394075603,0.4795251084859991,0.29391786510355405,0.24142308496601944,0.34631573218989753,0.4055082848186296,0.761499562384518,0.2236842105263158,0.5493540699862034,0.3377670716380394,0.5049261083743842,0.0,0.006265664160401002,0.008047207802788706,0.004817762882279012,0.22764215008313782,0.1192711902027581,0.05018267499735254,0.12117895395199749,0.07898060325160569,0.5139573070607553,0.26017699115044246,0.3962925359447155,0.146890756302521,0.3291400798148003,0.22561576354679805,0.20303984800759964,0.32151029748283755,0.14094164224581285,0.1943309277454134,0,0,0.43590424942464545,1.0,0
river-cafe,0.9259406729046387,0.6426725036481135,0.7367366129141139,0.21268909513176984,0.15526369465087786,0.7690820754910342,0.7248677248677247,0.4382716049382718,0.4302244981680836,0.4419276038196758,0.46078149640792043,0.5021125136116095,0.1905578963697577,0.41812686204751764,0.18117474656329413,0.23609747285822943,0.40546642799929783,0.6818618218074768,0.4918451509382632,0.6803920756455025,0.6964990956308059,0.9999999999999999,1.0,1.0,1.0,1.0,0.5665577237325315,0.740160295217467,0.7497292811515412,0.898626202822339,0.8838024659644159,0.32098765432098747,0.5478372626164077,0.6556125369127005,0.8075290523988954,0.7811067988447826,0.19753086419753085,0.19911504424778761,0.19862155388471175,0.19848612279226238,0.19865884325230512,0.3953695516913907,0.4546718249227209,0.30244377251076293,0.25711958977393773,0.350612585886485,0.202020202020202,0.28644688644688643,0.022082018927444796,0.30001889287738526,0.07421052631578948,0.691358024691358,0.3116751269035533,0.27129337539432175,0.30345851303809157,0.3021052631578947,0.1798107255520505,0.06488549618320609,0.0,0.03067821619037911,0.014245374330446033,0.6954732510288065,0.48,0.5030789978387142,0.18803222094361333,0.5168798490249529,0.29876543209876544,0.23917137476459513,0.4949938280071321,0.16040576490192063,0.28015888778550146,0,0,0.5057078132127062,0.0,1
satsuki,0.09595859048377464,0.9230769230769231,0.0,0.0,0.1562175268444752,0.7503350308228356,0.6785714285714286,0.6011396011396011,0.07847533632286963,0.3904923599320882,0.3516349198887121,0.23486933971673646,0.2852274484761828,0.22431977674724018,0.12186588921282812,0.20720366727563871,0.535356512231965,0.5431071660327693,0.7997951180636013,0.854703368548644,0.7715621905396546,0.9999999999999999,1.0,0.0,0.0,1.0,0.9045340337332909,0.7438703307824658,1.0,0.6782465054898074,0.9195653659170413,0.8181818181818182,0.5533430690184152,1.0,0.4600183222091352,0.8456004621941421,0.007407407407407408,0.008217446270543617,0.008771929824561403,0.007569386038687973,0.008172673931265716,0.2273209549071618,0.3112765370829887,0.4154833930114829,0.0367816091954023,0.2839602740050724,0.1818181818181818,0.07692307692307691,0.0,0.35820895522388063,0.03658536585365854,0.625,0.3822725497852402,0.0,0.10498614958448754,0.17073170731707318,0.1798107255520505,0.06488549618320609,0.0,0.03908998514580564,0.016728189881240706,1.0,0.6461538461538462,0.0,0.21454545454545454,0.42269944611796717,0.0,0.1177748804867449,0.0,0.0879907621247113,0.0,0,0,0.7696795958278752,0.0,0
sushi-amane,0.07246665339438582,0.0,0.6639370078740159,0.19410745233968804,1.0,0.7577572521287342,0.6785714285714286,0.7507122507122501,0.48016557433597784,0.3904923599320882,0.5779481338706858,0.16388167623682554,0.17043062304015438,0.1722893238928225,0.15387107223841934,0.24382841953867462,0.7345847089241798,0.6485343751187256,0.8770359507400355,0.7593384112392847,0.7396522710268354,0.8333333333333334,1.0,0.0,1.0,1.0,0.5773502691896258,0.478866728764425,0.3961828044110069,0.9099631750661358,0.7087466196389457,0.3333333333333334,0.22931334391754143,0.2761904761904761,0.8280329799764428,0.5023217708496324,0.007407407407407408,0.008217446270543617,0.008145363408521303,0.007569386038687973,0.00796311818943839,0.6851458885941644,0.48217075636430473,0.3440263280366997,0.4115948759626921,0.45777453838678334,0.38636363636363635,0.9999999999999999,0.23076923076923078,0.0,0.26249999999999996,0.5,0.2278406872315502,0.07692307692307693,0.10498614958448754,0.125,0.1798107255520505,0.06488549618320609,0.0,0.03908998514580564,0.016728189881240706,0.0,0.4307692307692308,0.3127662629840601,0.018181818181818177,0.14442231075697212,0.2,0.1177748804867449,0.391304347826087,0.17090069284064663,0.18773584905660376,0,0,0.0,0.0,0
the-clocktower,0.2339239498307784,0.6482840236686391,0.7384218303546172,0.21307681803447315,0.14659572004210936,0.7686691908030816,0.7428571428571429,0.3121693121693121,0.39831722990152985,0.3410728215482033,0.37007184159803774,0.39639400368958083,0.148449361158617,0.47251354074288293,0.14061409781164816,0.2208250977245775,0.4452978898789721,0.7684665354751475,0.5229550920024006,0.8354499377225558,0.7730174482398599,0.9999999999999999,0.0,0.0,0.0,0.0,0.5773502691896257,0.7264052918797141,0.5666109915690454,0.679926856979548,0.7735477316963588,0.3333333333333333,0.5276646480708527,0.4434380625102273,0.4623005308420867,0.5983760932125819,0.059259259259259255,0.06194690265486726,0.06077694235588972,0.061396131202691336,0.06119027661357922,0.42431830238726786,0.4453526930485456,0.3246709852177245,0.3115843115843116,0.3755489886268728,0.2145454545454545,0.3830455259026687,0.061855670103092786,0.30012101653892703,0.11224489795918367,0.66,0.13959390862944163,0.24742268041237114,0.23399715504978666,0.21428571428571427,0.352429022082019,0.2714597289297398,0.19427907652098156,0.09297077548191612,0.17718225608905974,0.43999999999999995,0.2857142857142857,0.2592651992891922,0.0845208845208845,0.21614223378594466,0.136,0.19693301049233256,0.3724787090990587,0.13728855876661877,0.18957771787960465,0,0,0.2691439502745123,1.0,0
tori-shin,0.0,0.6537681689886611,0.7420472440944883,0.22130900635527978,0.17574389923402522,0.7692307692307692,0.5714285714285714,0.435216735619417,0.3856502242152464,0.3904923599320882,0.37007184159803774,0.0,0.1919125340159297,0.0,0.0,0.25923599835091143,0.883220608395573,0.7129474805491575,1.0,1.0,1.0,0.6666666666666666,0.523076923076923,0.0,0.0,0.0,0.6310746041659502,0.6910184300334196,0.5998726655870714,0.6682678072621301,0.0,0.44483686255330407,0.49449049859039657,0.4962709493507853,0.47003463044851806,0.0,0.0,0.0,0.0006265664160401002,0.0,0.00020955574182732607,0.4785145888594164,0.0,0.3107173725151253,0.31208638105189834,0.4200410322859303,0.9999999999999999,0.2743046753442554,1.0,0.17910447761194032,1.0,0.5,0.3131393305128371,0.0,0.00554016620498615,0.0,0.1798107255520505,0.09469909099894952,0.0,0.03908998514580564,0.016728189881240706,0.3333333333333333,0.40747319453573194,0.1505911636589919,0.018181818181818177,0.0,0.2,0.22630328898576207,0.391304347826087,0.17090069284064663,0.22641509433962262,0,0,0.48670535750153343,1.0,1
wallse,0.924746167628907,0.6413586413586414,0.7585812830306782,0.22589899786923923,0.17118786104562161,0.7690156722162966,0.6734693877551021,0.21582075903063513,0.2491280518186345,0.28058114614935015,0.24305354080551078,0.2459720906487866,0.1549006331817985,0.32355796063966624,0.1412214949558237,0.21208526721387994,0.828712882564475,0.7990515766630188,0.7006819793455707,0.7754924564960217,0.7962368844689227,0.6666666666666666,0.0,0.0,0.0,0.0,0.3768173854685343,0.6951865465020799,0.6996838479295362,0.8908674003858924,0.8394892660989025,0.14199134199134197,0.4832843344374886,0.594285714285714,0.7936447250703178,0.704742227895274,0.04938271604938271,0.05120101137800253,0.05075187969924812,0.050462573591253154,0.05071248952221291,0.3459138562586838,0.47957874242223103,0.30289061749735907,0.24025697588915984,0.3502817208069801,0.1818181818181818,0.188034188034188,0.012345679012345678,0.17910447761194032,0.02459016393442623,0.8095238095238095,0.16969041799837062,0.2222222222222222,0.3641978111802371,0.27459016393442626,0.1798107255520505,0.06488549618320609,0.0,0.03908998514580564,0.016728189881240706,0.5238095238095237,0.2765432098765432,0.2026473683806187,0.09865871833084945,0.21308209783815557,0.2761904761904762,0.16509730069052106,0.32367149758454106,0.06216635747548553,0.1503247757500773,0,0,0.24000581038812152,1.0,0
gunter-seeger,0.15210033844316145,0.5912087912087912,0.6175497028388693,0.3115732717119199,0.03829761599975902,0.7689695087213837,0.9464285714285712,0.4907407407407405,0.6928251121076232,0.5844266090446055,0.6689214795375733,0.6183294861930408,0.24632649321913785,0.8184134533718364,0.21387110836867654,0.31097127211454556,0.2000290860125169,0.6211451961105676,0.12854103282064633,0.6307523402825821,0.5818379292504132,0.9999999999999999,1.0,1.0,1.0,1.0,0.21320071635561041,0.7070583963647697,0.5329662689774393,0.8038138114429653,0.7666305984670535,0.04545454545454545,0.4999315758699198,0.4081128747795413,0.6461166434664668,0.5877224745059526,0.01728395061728395,0.017699115044247787,0.017543859649122806,0.017661900756938603,0.01760268231349539,0.30935013262599464,0.4914234511008704,0.34413199160390173,0.39587797163554744,0.4117265954000648,0.28409090909090906,0.07692307692307691,0.0,0.17910447761194032,0.01744186046511628,0.875,0.5697969543147209,0.6785714285714286,0.36716192394862757,0.5697674418604651,0.1798107255520505,0.06488549618320609,0.0,0.03908998514580564,0.016728189881240706,0.3333333333333333,0.39999999999999997,0.7529558182949594,0.24132231404958676,0.5709719262484944,0.4,0.2514124293785311,0.391304347826087,0.17090069284064663,0.2803861342694164,0,0,0.4747260328328058,1.0,1
sushi-ginza-onodera,0.160063706948039,0.6965034965034965,0.5398272868807474,0.2574112925294171,0.18365084863179768,0.7704461378778066,0.9571428571428573,0.4200779727095516,0.4329078992756119,0.747789942040864,0.585116281880087,0.816450561872466,0.16556779337660732,0.3786737799858268,0.18685381741982524,0.27912801181448427,0.07986289014971204,0.6783044078996491,0.49971179257405507,0.7065808785781467,0.617523379334022,0.9999999999999999,1.0,1.0,1.0,1.0,0.19069251784911848,0.8793443396937223,0.8782103604631031,0.40392970660392347,0.8522174230955598,0.03636363636363637,0.7732464677513884,0.8245614035087717,0.16315920787713167,0.7262745362276363,0.02222222222222222,0.02402022756005057,0.02443609022556391,0.02354920100925147,0.023889354568315174,0.20403183023872679,0.5062881217380368,0.41237284755002995,0.4323643356540701,0.44998492007640495,0.1818181818181818,0.7085020242914978,0.28205128205128205,0.7967061245496656,0.375,0.6,0.07544082286935613,0.07692307692307693,0.24558219505205847,0.12931034482758622,0.1798107255520505,0.06488549618320609,0.0,0.03908998514580564,0.016728189881240706,1.0,0.07368421052631578,0.3127662629840601,0.22131661442006267,0.3735059760956176,0.2,0.24026167112696997,0.15719063545150505,0.19949032412200363,0.18640208197787897,1,0,0.6466900513875763,0.0,0
the-breslin,0.670117459685447,0.6502316195110046,0.7465165178320232,0.20991961458497027,0.15878608187459362,0.7691221472295382,0.3310104529616724,0.08769063180827885,0.1155923019431988,0.0,0.0,0.28173730320245255,0.1358228863872975,0.3198514240134167,0.10687814308585643,0.1920372328516622,0.6577199982237767,0.8262559674491188,0.7148391208721971,0.9019591928978952,0.8560473822260134,0.6666666666666666,0.0,0.0,0.0,0.0,0.6693028223743264,0.7140963848732496,0.7045817424860723,0.8819839163965955,0.8687767444069169,0.4479662680382391,0.5099336468890442,0.6001767902707361,0.7778956287822766,0.7547730316222814,0.30123456790123454,0.3008849557522124,0.3007518796992481,0.3010933557611438,0.30092204526404026,0.40303206745595305,0.482889571599249,0.27658635839815615,0.21077249188541736,0.3364997366586876,0.18847006651884698,0.1588558500323206,0.016666666666666666,0.2888620962042157,0.0458970792767733,0.508130081300813,0.025716631830397133,0.020833333333333332,0.0,0.016689847009735744,0.44294837270139265,0.5805616139585604,0.5840008802816902,0.3500676942723263,0.48747899650444493,0.35501355013550134,0.06470588235294118,0.269181705040448,0.051000253228665485,0.10445007175747636,0.2,0.16417414423396479,0.15543478260869564,0.0,0.060723751541711474,0,0,0.23800168168900981,1.0,1
agern,0.16504081226358752,0.5493275954814416,0.8891723178450983,0.2181861104920824,0.2563132908168463,0.7735512913816779,0.5714285714285714,0.24152876280535862,0.3987214960404537,0.6342954159592531,0.4075994765666655,0.20131657690005983,0.12041873686103599,0.37583242621545593,0.41178950919210733,0.22367133730445962,0.7325910362244743,0.8175382261204378,0.5663947550213485,0.5361316315068105,0.7538657552342001,0.6666666666666666,0.0,0.0,1.0,0.0,0.6298366572977736,0.7835865317999947,0.6841442758777025,0.5669846801460038,0.80691909546839,0.396694214876033,0.614007852818344,0.5757543720540945,0.32147162752026626,0.6511184266315247,0.027160493827160494,0.029709228824273074,0.02944862155388471,0.028595458368376788,0.029128248113998324,0.30039787798408485,0.3393197590177686,0.39226539656852827,0.5178086281534557,0.41172889284048647,0.1818181818181818,0.013093289689034365,0.10638297872340426,0.23027718550106613,0.053191489361702135,0.6666666666666666,0.23112647154120317,0.2765957446808511,0.6590423426988524,0.3617021276595745,0.0,0.06488549618320609,0.0,0.03908998514580564,0.0,0.5555555555555556,0.05957446808510638,0.374875875491533,0.21454545454545454,0.30728151224887684,0.06666666666666668,0.15855271066233925,0.35245143385753935,0.19458924447377102,0.18252375217449485,0,0,0.4609986186973256,1.0,0
ai-fiori,0.5558431216404539,0.6431753207898412,0.7448473754534266,0.21205675168704885,0.15740399190465515,0.7694033032279004,0.5809523809523809,0.3574074074074076,0.4517841944130385,0.4920769666100737,0.4322899113588372,0.3055270197780445,0.14266134473210482,0.4653939093732845,0.24551522591264835,0.23013063674758807,0.602298564171332,0.7700487631280515,0.5055665921149514,0.6696597108093145,0.7432326604142885,0.6666666666666666,0.0,0.0,0.0,0.0,0.6702660748198164,0.7274537464514881,0.5832652340725506,0.662328520629859,0.7813481295837446,0.44925661105436376,0.529188953226306,0.4613443214009785,0.4386790692397375,0.610504899604016,0.21975308641975308,0.22123893805309736,0.22117794486215536,0.2211942809083263,0.22108130762782902,0.3237430002947244,0.3895596518177163,0.29656775728965945,0.4603025494700869,0.3698937069083614,0.20909090909090908,0.20549450549450549,0.036827195467422094,0.1858887381275441,0.04541154210028382,0.6111111111111112,0.2944670050761422,0.40226628895184136,0.4877025098631747,0.3727530747398297,0.2517350157728707,0.10826608505997817,0.020019550732154973,0.09195030596797463,0.0591263173096644,0.437037037037037,0.264,0.4611587759642216,0.21157024793388426,0.3935063907096308,0.23555555555555557,0.1378531073446328,0.43268875477275526,0.18032227587654837,0.21763267346173754,0,0,0.40660366827082184,1.0,0
aldea,0.6705156281106909,0.6252330463246282,0.7324693304178734,0.21442273013076463,0.1311769807146916,0.7689390906371252,0.6079027355623099,0.3409890337264634,0.372073433590169,0.31878557874762814,0.3436218194772924,0.32911696739382673,0.15087606619641178,0.38094763173555146,0.1667297408063276,0.21444777480864596,0.5405073702710258,0.7874753660481837,0.6389309648882555,0.8041840116594736,0.7993688447469824,0.9999999999999999,0.0,0.0,0.0,0.0,0.7093925167569167,0.6723655762157769,0.5555643548785245,0.6830173486249639,0.761430460320339,0.5032377428307124,0.4520754680799736,0.4317144611067264,0.46651269852267546,0.5797763459036434,0.11358024691358025,0.11314791403286979,0.11340852130325814,0.11354079058031959,0.1133696563285834,0.24555561826288164,0.4783744818886285,0.36759909653944045,0.6374267807668754,0.4755068036159478,0.23404255319148934,0.1439621830683283,0.04419889502762431,0.20544337137840213,0.046961325966850834,0.6702127659574468,0.2990173836599269,0.32044198895027626,0.36383819455760147,0.3259668508287293,0.1798107255520505,0.06488549618320609,0.0,0.03908998514580564,0.016728189881240706,0.5886524822695035,0.28156424581005585,0.3719019345611568,0.04705882352941176,0.2659711063664312,0.14893617021276598,0.22229586844680113,0.36103771318760514,0.16480437440565138,0.21216859515619024,0,0,0.4848641402162317,1.0,0
aquavit,0.9631694206649413,0.6424908424908425,0.7404251112818679,0.2118878953340002,0.17048259399596963,0.7687738648687251,0.6883116883116882,0.49052540913005993,0.3742204609448323,0.3528684315328343,0.42498366251592135,0.39939298390013533,0.19437825481671372,0.4460060274182313,0.16497336305607072,0.2307327526620878,0.4604531320688903,0.6687333629541352,0.5608969599462308,0.799122641747638,0.7434277877304862,0.9999999999999999,1.0,0.0,0.0,0.0,0.64043909026858,0.7285932738682168,0.5552905831378858,0.6638644184682276,0.7762284186894112,0.4101622283440464,0.5308481587260064,0.43142546651349045,0.440715966108158,0.6025305579810637,0.13333333333333333,0.13590391908975982,0.13471177944862156,0.13540790580319595,0.13516345347862532,0.4781769954183746,0.4440415659470423,0.4044461417860948,0.42608383632933083,0.45042455047817315,0.1818181818181818,0.146690518783542,0.018604651162790697,0.21227197346600335,0.027820710973724884,0.7636363636363637,0.44440443867312013,0.3395348837209302,0.2940562908245272,0.3786707882534776,0.2190421565815888,0.08842535061246226,0.010956436292171634,0.03908998514580564,0.03131041413629443,0.6242424242424243,0.49488372093023253,0.3957395696154903,0.15757575757575756,0.4375080820458506,0.2,0.24766784916568127,0.4507583417593529,0.17090069284064663,0.25989326645475486,1,0,0.6744525908579961,0.0,0
atera,0.4586900258809476,0.7195046439628483,0.7210561701576752,0.20049023301581953,0.09742001514042507,0.7678517662916821,0.642857142857143,0.7001105583195133,0.6082407226879831,0.5100036619061887,0.642938282896059,0.3957996256796054,0.36807581752620944,0.6804152466070013,0.1992779851626699,0.29226109610501144,0.4686599199713244,0.4471179004089234,0.22747235935906374,0.6844397072036535,0.595700170392579,0.9999999999999999,1.0,1.0,1.0,1.0,0.7239227659930269,0.6720261730296895,0.6331680213851321,0.7505911971237463,0.800404275122648,0.5240641711229947,0.45161917723693024,0.5166646368692402,0.5633871451996586,0.6406470036346116,0.04197530864197531,0.042351453855878636,0.043233082706766915,0.04205214465937763,0.042539815590947196,0.41765399351606247,0.4699174379001052,0.4943381809527389,0.8004923398207149,0.5968032741551905,0.13636363636363635,0.12169919632606198,0.014492753623188406,0.14398595258999125,0.0,0.75,0.6104629138571105,0.5072463768115942,0.33702677746999077,0.4975609756097561,0.1798107255520505,0.06488549618320609,0.10241886099203919,0.0,0.03973965108372793,0.7777777777777777,0.9194029850746268,0.7311310119675694,0.19144385026737967,0.7890389660868721,0.2888888888888889,0.3684121764061051,0.5236294896030246,0.28469863696055786,0.39999999999999997,1,0,0.7530630841397158,0.0,0
aureole,0.9128011148715908,0.6449784429118528,0.7385077182802589,0.2088729829613042,0.17458444382954802,0.7693342228035716,0.5649350649350648,0.19814082857561077,0.1920224738706353,0.38091894150170225,0.22716767007008265,0.2820572535837538,0.12668222793566133,0.37234665700502745,0.2091418187395239,0.21151234049892642,0.602519521726659,0.8304980392384169,0.6442581092925828,0.7388752597623945,0.8047793791051447,0.6666666666666666,0.0,0.0,0.0,0.0,0.6975876453838323,0.7429938091513564,0.6474046650642242,0.6779922789387117,0.8125883141396425,0.4866285229921594,0.5520398004372422,0.5329048545488234,0.45967353030050784,0.6602997682763064,0.16049382716049382,0.1599241466498104,0.16102756892230574,0.15979814970563497,0.16031014249790446,0.3019210674383088,0.4031785834029873,0.3549902639659121,0.46987051717147404,0.40423714031462216,0.23140495867768593,0.17178473700212826,0.011673151750972763,0.2259904665155896,0.03911342894393742,0.696969696969697,0.289796553038663,0.245136186770428,0.34917550144305376,0.2985658409387223,0.1798107255520505,0.05488338412334428,0.04582945141667123,0.09127818520957756,0.04440494732491014,0.4343434343434343,0.18814229249011857,0.3802866350765982,0.13127082341742025,0.27114488590617974,0.22424242424242424,0.026149483039682037,0.34867196751818647,0.17524152690954375,0.14169393126860347,0,0,0.3806954036028103,1.0,1
babbo,0.9560023890105515,0.6443903737571396,0.7443371374472462,0.21314707407347397,0.15960754041628986,0.7695147636014991,0.4672454617205999,0.1302863146834774,0.303564107900828,0.5236428048433455,0.27629306312917423,0.24381189460219566,0.10272185410375839,0.3169471690849495,0.23415566060431198,0.19834519010405519,0.6270740240449474,0.8489717530882251,0.650404843479816,0.6516648014301807,0.795969455342636,0.6666666666666666,0.0,0.0,1.0,0.0,0.8303630305058983,0.8442968621723578,0.7513375375914519,0.7052195962794187,0.9075746829401287,0.6895027624309394,0.7128371914740893,0.6576249998820851,0.4973346789765062,0.8236918051138751,0.4444444444444444,0.4456384323640961,0.44548872180451127,0.44575273338940286,0.44551550712489524,0.28370825212128314,0.47939534134912765,0.41928541124957,0.5062820920127673,0.4714376441589883,0.2451029633350075,0.14075286415711946,0.01969057665260197,0.19259634033223713,0.0331296992481203,0.6298342541436464,0.18271591604564927,0.27285513361462727,0.43066706313807124,0.28148496240601506,0.1798107255520505,0.06488549618320609,0.0033131277114161767,0.04284439049879262,0.01894498948016452,0.46593001841620624,0.2859574468085106,0.3818788580550807,0.19938366718027734,0.3610557768924303,0.08950276243093923,0.09460271667267703,0.39900935608145294,0.30986460684663997,0.22568804085685912,0,0,0.43443632236786844,1.0,0
blue-hill,0.9155882938482979,0.6585139407057216,0.7454563406558179,0.212707811985204,0.16255640163706767,0.7693143477507369,0.6947162426614479,0.5458398539384453,0.48446172661419284,0.6098011836948412,0.5720604739537665,0.4552337928252665,0.20051778547581373,0.450104006228924,0.18265690952326463,0.24778529710791483,0.429434062274405,0.6580709989837499,0.506750440282691,0.7158673342401796,0.6953815544541642,0.9999999999999999,1.0,1.0,1.0,1.0,0.6550460856236402,0.6890511717714322,0.5636118611098664,0.5702426680015753,0.7376758300725845,0.4290853742908534,0.47479151731958386,0.44024303182197955,0.3251767004095549,0.5441656302732767,0.17777777777777778,0.179519595448799,0.17919799498746866,0.17914213624894867,0.1791701592623638,0.2631590421859671,0.4160650882595453,0.39645725924896197,0.42122228479517126,0.41286850907501965,0.2042341220423412,0.14030335861321774,0.03496503496503497,0.22932068628818525,0.042007001166861145,0.7054794520547945,0.40266408093229433,0.3741258741258741,0.4284179459963238,0.4002333722287048,0.1798107255520505,0.09161649285023113,0.05765537279621787,0.06703749789023677,0.052507387141817394,0.7168949771689497,0.7,0.5191709348523287,0.20628717077315206,0.6167860646097059,0.2767123287671233,0.2299275881276359,0.40407418668288236,0.2600094968811379,0.29321239074436933,0,0,0.675003261450131,0.0,0
b√¢tard,0.3053951821620545,0.6802366863905326,0.7607181248548244,0.21198144705800728,0.1332626449016881,0.7692447922472135,0.5714285714285714,0.2857142857142856,0.34803697263658817,0.3410728215482033,0.31369860979528585,0.20131657690005977,0.14055839150050964,0.39927735476810555,0.17437091688149597,0.2164118365334845,0.7821752195566869,0.7928609946816765,0.6081965072521557,0.746222621086623,0.7870219427473573,0.6666666666666666,0.0,0.0,0.0,0.0,0.5504818825631803,0.7410117866025907,0.6249679666353554,0.7808703213614262,0.8134532883994373,0.30303030303030304,0.5490984678839634,0.5074028433170026,0.6097584587830971,0.6617062524078581,0.059259259259259255,0.06194690265486726,0.06140350877192982,0.061396131202691336,0.06139983235540654,0.26177188328912465,0.48153634213542046,0.3618127458416383,0.5623094358726544,0.4560469546979405,0.1818181818181818,0.19937205651491363,0.01020408163265306,0.17910447761194032,0.025423728813559324,0.64,0.3239666424945613,0.40816326530612246,0.46245414389458717,0.38305084745762713,0.1798107255520505,0.06488549618320609,0.0,0.03908998514580564,0.016728189881240706,0.4933333333333333,0.14285714285714285,0.3442083740776958,0.0845208845208845,0.21540954824768724,0.264,0.08797417271993545,0.35403726708074534,0.0700642906185631,0.1267668692037096,0,0,0.3209137350827067,1.0,0
carbone,0.39179773043997607,0.6475131981105863,0.7484061517617387,0.2077930148482967,0.14657940622192997,0.7686234849696387,0.5642857142857143,0.4353044031155622,0.31738913801694046,0.20694744559345546,0.3163084141384105,0.2612058473137834,0.17299392269781408,0.31870053693746425,0.13235329168423093,0.2028820118077982,0.5809470995339504,0.693213458959291,0.6134987950448925,0.8111068129065981,0.7724368672063375,0.9999999999999999,1.0,0.0,0.0,0.0,0.8270590715030708,0.7747540550436568,0.8421764671196275,0.8822953563488093,0.9417543740703256,0.6840267077555215,0.6002438458065895,0.7755069600563164,0.7784450958346724,0.8869013010805906,0.145679012345679,0.1472819216182048,0.14661654135338345,0.14718250630782168,0.14689857502095557,0.4663660477453581,0.46117853974700157,0.31857921680739315,0.4483251181265811,0.4184601971927428,0.1818181818181818,0.16705183228788378,0.04700854700854701,0.2808683853459973,0.059743954480796585,0.6333333333333333,0.20298577373041982,0.19230769230769232,0.1807007051120625,0.19914651493598862,0.1798107255520505,0.06488549618320609,0.0,0.03908998514580564,0.016728189881240706,0.5777777777777777,0.4566523605150214,0.6190970061536334,0.1464876033057851,0.5094841119164877,0.08000000000000002,0.32615600979607673,0.28205128205128205,0.10966040310728531,0.19780455728817198,0,0,0.6422619031312273,0.0,0
casa-enrique,0.4636671311964961,0.6504006115342148,0.7363631383093323,0.2130873910071398,0.16189874659367132,0.7692677083706021,0.5881261595547311,0.4497265722097934,0.4264708073238679,0.477177890963969,0.4539690436049586,0.2773020443309753,0.17434132188328416,0.47081965673579695,0.2571897020979557,0.24168916724183118,0.565747208885854,0.742351690636467,0.5008366938517883,0.6759415642833987,0.728565793284389,0.9999999999999999,0.0,0.0,0.0,0.0,0.7729986255090218,0.6331560329598711,0.5986994057297839,0.6426491095372684,0.7546685056577506,0.5975268750388368,0.40088656207348145,0.4781872066656119,0.412997877989044,0.5695245534317022,0.18765432098765433,0.1883691529709229,0.18859649122807015,0.18839360807401176,0.18839061190276615,0.22238451203968446,0.3051746810677315,0.27122642186661,0.21252972466254716,0.2516276951031985,0.20306965761511214,0.4896747547754258,0.07308970099667775,0.37014925373134333,0.14816870144284128,0.538961038961039,0.05682553742377271,0.08305647840531562,0.12929516774392122,0.08546059933407325,0.1798107255520505,0.06488549618320609,0.0,0.03908998514580564,0.016728189881240706,0.7316017316017316,0.5261744966442953,0.5498328533595751,0.21018181818181816,0.577048078496226,0.28311688311688316,0.26477837181966407,0.5733063700707786,0.24091352322299203,0.34833413607522035,0,0,0.4593281152630293,1.0,0
casa-mono,0.9189727254628708,0.6440696211761052,0.7393125896219678,0.21142620363979792,0.16291807739822214,0.7693404737537828,0.5108695652173914,0.11698918019142734,0.19569806512859556,0.29532759828579724,0.1628278192241579,0.24960714668950867,0.11546941536909124,0.32454240581547983,0.18977137029600002,0.2006980592016379,0.6120047680595003,0.8340501639957255,0.6890061445135215,0.7758529574738323,0.8192325223147986,0.6666666666666666,0.0,0.0,0.0,0.0,0.8270237032318579,0.7958455698408836,0.7152331200954032,0.6755816090841337,0.8607734920372695,0.6839682057073363,0.6333701710353608,0.6130710991855381,0.4564105105327071,0.7409310045940353,0.22469135802469137,0.22503160556257903,0.224937343358396,0.22539949537426407,0.22506286672254822,0.22252912005535697,0.43350046313076396,0.3712620045598669,0.3680877196238475,0.38839575483229233,0.2351778656126482,0.2538893690579083,0.05013927576601671,0.27231870387837764,0.08224907063197026,0.5815217391304348,0.11743925740033082,0.13649025069637882,0.18299024807175443,0.14405204460966542,0.1798107255520505,0.07910198130199844,0.0,0.03908998514580564,0.021112343734874424,0.3913043478260869,0.30674157303370786,0.30327969728537923,0.10212909766813111,0.24696752025355825,0.16521739130434784,0.13238748174950804,0.31500544992127893,0.23870807112133724,0.19765729115522196,0,0,0.4028581217879894,1.0,0
caviar-russe,0.8799522197889708,0.5846153846153846,0.7658321628715331,0.17327899823567067,0.0,0.7624961202942854,0.8714285714285714,0.6759259259259256,0.48804185351270535,0.3687242299296627,0.5762301479841345,0.5183812035169003,0.2967024116748457,0.5059715131318738,0.227782915254983,0.2872958224667812,0.3048649490508696,0.5285650609850491,0.3404527822452511,0.7427496071457083,0.6214491029218892,0.9999999999999999,1.0,1.0,0.0,1.0,0.4070092943122623,0.6411355950739459,0.8779611625790313,0.6430154345958178,0.8050009150170702,0.16565656565656575,0.4110548512708228,0.8242176870748297,0.41346884912844845,0.6480264731783201,0.02222222222222222,0.022756005056890016,0.022556390977443608,0.022708158116063918,0.022632020117351218,0.25384615384615383,0.2862239479622992,0.35416066455392303,0.2464933959186833,0.29794740406985304,0.2636363636363636,0.24358974358974356,0.0,0.3070362473347548,0.06818181818181818,0.85,0.3586787930062042,0.4444444444444444,0.3251879699248121,0.4090909090909091,0.1798107255520505,0.06488549618320609,0.0,0.03908998514580564,0.016728189881240706,0.3333333333333333,0.4666666666666666,0.6190970061536334,0.08831168831168829,0.4201376312930098,0.36000000000000004,0.3738229755178908,0.391304347826087,0.23012207192345757,0.3530017152658662,0,0,0.6780481377613781,0.0,0
chefs-table-at-brooklyn-fare,0.6500099542106311,0.6810810810810811,0.7551501076906946,0.21292384269850823,0.15006828963552005,0.7694937160824782,0.6666666666666667,0.6435185185185186,0.5860763922017616,0.6837460358138192,0.6702929213470581,0.339526288602297,0.2999210242010708,0.5686987671690313,0.366512320005853,0.29777894717482445,0.508136525447223,0.5158836455290832,0.2859543379213817,0.472204441449545,0.5717030103149109,0.9999999999999999,1.0,1.0,1.0,1.0,0.6929869264501894,0.7069312161503465,0.7628318583109925,0.7117081778885643,0.8310898815553139,0.48023088023088023,0.49975174436780806,0.6720837554880102,0.5065285304734602,0.6907103912236257,0.08641975308641976,0.08849557522123895,0.08834586466165413,0.08830950378469302,0.08822296730930428,0.41024167403477746,0.5333418672128349,0.4641375040610039,0.5896366980730461,0.5482994728905859,0.22727272727272724,0.11978021978021977,0.02127659574468085,0.17910447761194032,0.024822695035460994,0.6111111111111112,0.4909263959390864,0.425531914893617,0.4652432969215492,0.4397163120567376,0.1798107255520505,0.06488549618320609,0.016706622715013487,0.03908998514580564,0.02230425317498761,0.7407407407407407,1.0,0.7636360426679376,0.28679245283018867,0.8945306245467304,0.35555555555555557,0.3192090395480226,0.5855689176688252,0.3351562159571223,0.43124135777688566,0,1,0.912076781170361,0.0,0
contra,0.3515827194903444,0.6920210224558051,0.7068478630395514,0.2284206360887605,0.0831480384817368,0.7699488607202329,0.5714285714285714,0.2965221318879854,0.36344481063266487,0.4775648799417902,0.3670481864377084,0.20504466165746832,0.15046776284393207,0.3425202174987644,0.23249599056473813,0.22122752949116026,0.7722024365681744,0.7574088488610884,0.6023033977467953,0.6920552311120369,0.7614655219652031,0.6666666666666666,0.0,0.0,0.0,0.0,0.5582905262390825,0.7602530691576801,0.7196018820839192,0.6624343900988781,0.813302419955962,0.3116883116883117,0.5779847291636723,0.6183927347018737,0.43881932118567246,0.6614608263062238,0.05185185185185185,0.05183312262958281,0.05200501253132832,0.05214465937762826,0.051969823973176864,0.3721003134796238,0.4791429903546347,0.36340348429153085,0.44697783650529505,0.43729705215419495,0.2190082644628099,0.11350844277673544,0.0,0.15067519545131486,0.006,0.6590909090909091,0.43688869629813054,0.39759036144578314,0.4790924680121356,0.424,0.1798107255520505,0.06488549618320609,0.0,0.03908998514580564,0.016728189881240706,0.5151515151515151,0.5121951219512195,0.40460035537295413,0.1584415584415584,0.42749003984063744,0.2363636363636364,0.2524459142896514,0.2812991094814039,0.2893434510062685,0.27592452830188674,0,0,0.4112091508841318,1.0,0
del-posto,0.23750746565797332,0.6429217133670575,0.7492175515678097,0.20858449810753887,0.1986216817135551,0.7695054054645041,0.6616541353383458,0.4508744855967075,0.4984899789512216,0.5526549430694225,0.518493270700966,0.397169371784329,0.16291841512245903,0.49970072349496947,0.2469095368319794,0.2467864719705582,0.41125919605186356,0.7295969570952774,0.380520250910066,0.6212998492788155,0.6775160263123091,0.9999999999999999,1.0,1.0,1.0,1.0,0.8193950514590743,0.700842866236131,0.7504375757417998,0.7307152756377744,0.8428980936312889,0.671408250355619,0.49118072315407546,0.6564985289614864,0.5339448140503885,0.710477196247261,0.09135802469135802,0.09102402022756007,0.09210526315789473,0.09083263246425567,0.09136630343671416,0.2226022616222253,0.4122320124784282,0.3665237918849476,0.29787274836309957,0.36011081971383896,0.2033492822966507,0.16025641025641024,0.027210884353741496,0.17910447761194032,0.030821917808219176,0.7894736842105263,0.36564967569091944,0.43537414965986393,0.48908485603191953,0.4383561643835616,0.1798107255520505,0.06488549618320609,0.0,0.03908998514580564,0.016728189881240706,0.6140350877192982,0.5055555555555555,0.566509615669541,0.2884070058381985,0.6133002237624843,0.09473684210526317,0.2090395480225989,0.5031055900621119,0.2013263554886963,0.2546739036788145,0,0,0.6492952733836403,0.0,0
gabriel-kreuther,0.2273541708142544,0.5545562130177515,0.7355045052358147,0.20913587059131913,0.19931520314673898,0.769722519821035,0.5885714285714285,0.6926307751050018,0.7053628626338426,0.6910714701025653,0.7286794075415437,0.2719857118530036,0.22160357558267302,0.8722028513471676,0.3168680794570893,0.31469221634177424,0.5236315175815346,0.6046026760348926,0.13523730075824403,0.549856954486382,0.5699954156017109,0.9999999999999999,1.0,1.0,1.0,1.0,0.9451631252505215,0.562743811440944,0.4081450484566264,0.5982742384591038,0.6992936462777034,0.893333333333333,0.3166805973150807,0.2869786500756415,0.3579320644038205,0.48901160372436575,0.059259259259259255,0.06131479140328698,0.06140350877192982,0.060555088309503784,0.06098072087175189,0.2719787798408488,0.40313342940546126,0.35527313777715064,0.4293986948686997,0.39064844205193866,0.24727272727272726,0.20063441712926244,0.01020408163265306,0.301778777346146,0.06143344709897611,0.72,0.5653618713695118,0.5816326530612245,0.5232041892763631,0.5494880546075085,0.1798107255520505,0.06488549618320609,0.0,0.03908998514580564,0.016728189881240706,0.43999999999999995,0.5773195876288659,0.5808516312561116,0.15267745952677458,0.512625266850686,0.03999999999999998,0.19680820082707207,0.6149068322981367,0.17090069284064663,0.25809775259192475,0,0,0.6779918599863674,0.0,0
gotham-bar-and-grill,0.3165438980688831,0.6528993096372925,0.7447183437629791,0.21316956795216838,0.162774506408036,0.7694884502341737,0.6357142857142859,0.5454545454545454,0.5570353547989755,0.6342954159592531,0.6004146703355793,0.38403393948983566,0.22823082189816754,0.5717642579336166,0.28910485043055156,0.27587568328908607,0.4745018624562537,0.6330753818555169,0.40084142512772947,0.6069768317110615,0.6514719392345762,0.8333333333333334,1.0,1.0,1.0,1.0,0.6828292452144862,0.6761049743217892,0.4943926584055807,0.5812706136664978,0.7205849160014328,0.46625577812018487,0.4571179363026673,0.369009915643037,0.3378755263122269,0.519242621168792,0.145679012345679,0.14601769911504425,0.14598997493734334,0.14634146341463414,0.1460603520536463,0.301025641025641,0.4050722276528728,0.30982153786802485,0.2261883199814234,0.31851972344220747,0.22272727272727272,0.20679320679320679,0.05150214592274678,0.2712153518123668,0.07296137339055794,0.725,0.47854176280572225,0.351931330472103,0.47151563118322126,0.43204577968526464,0.32365930599369086,0.10870427282641021,0.010110016321102581,0.0732658007304243,0.05722046066673324,0.6222222222222222,0.5333333333333332,0.5034786115465866,0.2818701298701298,0.5909124588911877,0.24000000000000002,0.2039034411915768,0.43049076320208995,0.23249092708677002,0.270683186222906,0,0,0.5770514625414935,0.0,0
hirohisa,0.3679076249253434,0.6545454545454545,0.6139875673435559,0.20841611362387452,0.0880766953082226,0.77065334069805,0.9220779220779223,0.41832858499525116,0.550475773816034,0.7968307866440294,0.6449495834461665,0.3746725181195562,0.16093657244089657,0.33524682029855,0.5408930489489039,0.29181133959623784,0.386168379391648,0.7051320048364998,0.6158500319244626,0.4050228480921604,0.6266780992390213,0.9999999999999999,1.0,1.0,1.0,1.0,0.2439346884545225,0.8066493492665819,0.41992945392898334,0.42524673864767926,0.7060325080652177,0.05950413223140496,0.6506831726722001,0.2977468060394889,0.1808347887304876,0.4984819024448616,0.024691358024691357,0.02465233881163085,0.02568922305764411,0.024390243902439025,0.024937133277451805,0.23129973474801058,0.3877707318567533,0.26067204924426085,0.23067972186746133,0.2812701625317581,0.1818181818181818,0.0,0.14634146341463414,0.23880597014925375,0.0743801652892562,0.7272727272727273,0.35653390602629187,0.34146341463414637,0.502770083102493,0.39669421487603307,0.37596788069974196,0.0,0.0,0.03908998514580564,0.016728189881240706,0.8181818181818181,0.5743589743589743,0.25343390957244977,0.1818181818181818,0.45355767014586285,0.27272727272727276,0.23946110386788355,0.5249204665959704,0.17090069284064663,0.2903477311710588,0,0,0.5908058581295652,0.0,0
jean-georges,0.6910213020107506,0.6445740684089136,0.7486732411985666,0.2114440866420185,0.15602360456816702,0.7693016095191866,0.6423432682425487,0.5061158944922779,0.5581190603529849,0.5622898565198575,0.5643703678125966,0.3677261891144471,0.19126999074624595,0.5840739491295575,0.2235572013865398,0.25832426159596267,0.4877438676162042,0.6752134052232867,0.36429382072154803,0.6995099820649713,0.6771742890333451,0.9999999999999999,1.0,1.0,1.0,1.0,0.6909813239141845,0.7023288071314001,0.5605761498490993,0.5886062556833872,0.7494736360957842,0.4774551899981992,0.49326575332661543,0.4370182201320898,0.34645732422961695,0.5617107312026359,0.34074074074074073,0.3426042983565108,0.3414786967418546,0.3423044575273339,0.34199497066219614,0.25392057706619847,0.4775170063528592,0.3862702496967006,0.533361562435261,0.4581950049938959,0.21124918247220403,0.13780868577916547,0.02018348623853211,0.2273924495171203,0.03488372093023256,0.7014388489208633,0.4480912956337686,0.48807339449541287,0.5247066970832654,0.47674418604651164,0.1953339536572635,0.0882299090166474,0.0,0.053748729575482754,0.02971966660051516,0.6019184652278178,0.5114391143911439,0.5529044375809959,0.19385026737967914,0.5373853423515241,0.22877697841726619,0.21779556778618636,0.4315117670522537,0.21357492188561333,0.2661832290247338,1,0,0.7794195417126056,0.0,0
jewel-bako,0.9096157674696397,0.6709662430592663,0.7346606487054772,0.2198176572873755,0.1602951607316446,0.770695698167408,0.34219269102990024,0.017957351290684542,0.2642517655272414,0.47826146010186754,0.18411704923777839,0.16905466377422793,0.0909861587760802,0.29699179421970945,0.22452153634487979,0.18947274482019938,0.7461304919001089,0.8952634234771091,0.6946781541956007,0.7089036184953738,0.8322834957383113,0.6666666666666666,0.0,0.0,0.0,0.0,0.9244053870686814,0.8699630601292742,0.7478736552929688,0.6573225624455364,0.920426421892345,0.8545253196415985,0.7568357259894911,0.6532937567206374,0.4320729510999661,0.8471847981175451,0.1037037037037037,0.1042983565107459,0.10463659147869674,0.10428931875525652,0.10435875943000837,0.2294121275677009,0.4344520473552731,0.31626289340075253,0.30306559851387443,0.3448862973760933,0.39112050739957716,0.29510489510489507,0.16766467065868262,0.5086567164179105,0.22199999999999998,0.47674418604651164,0.038778649438547926,0.03592814371257485,0.06918559556786705,0.038,0.1798107255520505,0.06488549618320609,0.0,0.023141271206316937,0.012010840334730826,0.3953488372093023,0.08484848484848484,0.3020840708129478,0.15956363636363635,0.21374501992031872,0.0697674418604651,0.07960965588084234,0.2272845613121583,0.15100230946882215,0.09335849056603773,0,0,0.44390548511758343,1.0,0
jungsik,0.500099542106311,0.6525864379522917,0.7575403654253364,0.2125747243728121,0.1611095083961566,0.7692495542392934,0.8775510204081631,0.7101449275362319,0.6457123992406939,0.7651896796459687,0.7774598063350444,1.0,0.393842092079711,0.7818960912952212,0.4988378130473194,0.38928613958634706,0.10710888287487919,0.45810030810784885,0.22018956206710116,0.4274609787497551,0.4978333609884916,0.9999999999999999,1.0,1.0,1.0,1.0,0.38337315535033084,0.5786948589733932,0.4393158132243113,0.4855177120800673,0.6183809085063754,0.1469749762432689,0.3348877398022355,0.31576445468742664,0.23572744874346307,0.38239494800517015,0.10123456790123457,0.10176991150442478,0.10213032581453634,0.10176619007569386,0.10184409052808047,0.29496021220159147,0.38077799297995646,0.36743534951296725,0.4723321399409585,0.40246379582277875,0.22077922077922074,0.13282369804108934,0.03067484662576687,0.25250795204306337,0.046106557377049176,0.8690476190476191,0.6695541822997132,0.5521472392638037,0.6657962853639707,0.6352459016393442,0.1798107255520505,0.06488549618320609,0.0,0.05543088057560964,0.021561539826435255,0.6825396825396826,0.6782608695652174,0.6291569475568926,0.19523099850968703,0.6451652406766377,0.2,0.2679931220830263,0.46972526006935184,0.2388596524438723,0.30567584287039895,1,0,0.790766786355227,0.0,0
junoon,0.5558431216404539,0.6458680420439831,0.7387384332217858,0.21349614243860218,0.1583786341251274,0.7694694785055892,0.4484126984126984,0.0,0.16924805733125536,0.27669188283080093,0.09145168376973478,0.2367975790815835,0.0885521738131943,0.2861886101362041,0.1511190969521906,0.18347924614825004,0.6670866282955411,0.8959114030390002,0.7075433549432488,0.7986070116806899,0.8526541778343426,0.6666666666666666,0.0,0.0,0.0,0.0,0.8163616817430605,0.8767002731478618,0.8158780619295714,0.7741559019002472,0.9428590231221675,0.6664463954183579,0.7686033689375354,0.7405280761537686,0.5993173604469851,0.8889831374828879,0.2641975308641975,0.26548672566371684,0.2650375939849624,0.2649285113540791,0.2650880134115675,0.330081540426368,0.35771604938271606,0.28809732515207054,0.39445230715418406,0.3376115282434243,0.18939393939393936,0.20549450549450549,0.0425531914893617,0.25845456262988853,0.060378847671665355,0.6064814814814815,0.09657360406091373,0.15839243498817968,0.1849205792629475,0.14917127071823205,0.1798107255520505,0.06488549618320609,0.0,0.051707638578945433,0.020451433406505015,0.3950617283950617,0.2733333333333333,0.3848440849063126,0.15799769850402762,0.31460582295915,0.05925925925925926,0.0,0.27474560592044406,0.11317858917765368,0.05301484713556015,0,0,0.39799889505089614,1.0,0
kanoyama,0.9002588094764086,0.6629975066949857,0.748805588233686,0.20930208814573373,0.16962102196430856,0.7698589377957277,0.3828571428571428,0.1346888125238639,0.2596297573876045,0.3821429402051306,0.20338315968244158,0.21637904580946793,0.11798115914249041,0.4150050846658446,0.20653798233008258,0.20985979503311775,0.6970881282062158,0.8434214076351356,0.5928317538792729,0.7289553918624855,0.8010546002921756,0.6666666666666666,0.0,0.0,0.0,0.0,0.8454615276907607,0.7686035940753111,0.6351961744431542,0.6758458071472316,0.8355547301388395,0.7148051948051949,0.5907514848254857,0.5189657993781706,0.45676755503849303,0.6981517070573889,0.12098765432098765,0.12262958280657396,0.12218045112781954,0.12195121951219512,0.1221709974853311,0.2041909814323607,0.3796727389178337,0.265649447066906,0.2720873777400309,0.28922611779754637,0.27999999999999997,0.7418715305313242,0.2923076923076923,0.6329993866285013,0.36666666666666664,0.51,0.011715683709246954,0.005128205128205128,0.03278564110347968,0.015384615384615385,0.22296529968454262,0.06488549618320609,0.0,0.03908998514580564,0.02076011257056539,0.4666666666666667,0.15876288659793814,0.26951956983070857,0.11232876712328765,0.2024381108046447,0.03999999999999998,0.11118877045838432,0.2789297658862876,0.1822582175962542,0.13120464441219157,0,0,0.2514302348084616,1.0,0
kyo-ya,0.8176388612383039,0.6468103731261626,0.7655388332676577,0.21049351621519463,0.16371897274259858,0.7699557281176825,0.5598455598455598,0.5403204623062781,0.5489040107874188,0.6810053472541768,0.5979056708518318,0.27382322143700827,0.27326836019717604,0.5475561035032199,0.2521580564840663,0.2876666550166624,0.5555402549594555,0.5904473030995713,0.44623029166583694,0.6220840942420218,0.6380551120535654,0.9999999999999999,1.0,1.0,1.0,1.0,0.8817623134976781,0.6646976017435926,0.46084054476378916,0.5401218365386931,0.7270572757115717,0.7775047775047774,0.44182290176368366,0.3362112066337415,0.2917315983059307,0.5286122821651323,0.08888888888888889,0.08912768647281923,0.08959899749373433,0.08915054667788057,0.0892707460184409,0.2726073553659761,0.4402755535219502,0.3665314806196397,0.44068717395605356,0.4126575418774541,0.1818181818181818,0.5450081833060556,0.11188811188811189,0.2962756311898452,0.15771028037383178,0.6486486486486487,0.21688807286604028,0.3006993006993007,0.30294871462966316,0.2733644859813084,0.1798107255520505,0.06488549618320609,0.0,0.03908998514580564,0.016728189881240706,0.5135135135135135,0.575886524822695,0.2980230721363266,0.2751062022090059,0.4859068399299996,0.13513513513513514,0.2090395480225989,0.5190027363940408,0.21739224277481597,0.27340856991712215,0,0,0.6054538150709433,0.0,0
l-appart,0.1660362333266972,0.6461538461538462,0.7736384951881016,0.17625649913344887,0.2713652853991577,0.7686373996013722,1.0,0.8753561253561251,0.877130044843049,0.9085738539898127,1.0,0.0,1.0,1.0,1.0,1.0,0.883220608395573,0.0,0.0,0.0,0.0,0.9999999999999999,1.0,1.0,1.0,1.0,0.0,0.49945273810515267,0.0,0.4316334330131294,0.4457483021841759,0.0,0.24945303760073423,0.0,0.18630742049469967,0.19869154890007537,0.014814814814814814,0.016434892541087234,0.015664160401002505,0.0159798149705635,0.015926236378876784,0.6257673361121636,0.5174156787060012,0.5589974070872947,0.5335500599868417,0.5963137391708819,0.1818181818181818,0.1923076923076923,0.0,0.26865671641791045,0.038461538461538464,0.9285714285714286,0.6525283092541977,0.72,0.6519390581717451,0.6923076923076923,0.1798107255520505,0.06488549618320609,0.0,0.03908998514580564,0.016728189881240706,0.5238095238095237,0.5384615384615384,0.7409085252022403,0.36181818181818176,0.740627234651139,0.6571428571428571,0.3003042155584529,0.6834782608695653,0.3367205542725173,0.5041122399612965,0,0,0.7421211560243329,0.0,0
la-vara,0.4612781206450328,0.6653141730064808,0.7179316566011774,0.21798388046642325,0.13509215504212718,0.769306502563864,0.5873015873015874,0.2646011396011394,0.3265781303897892,0.3673465001826739,0.30748025388421185,0.27461249971546026,0.11856431294538661,0.3387015239610886,0.17201422144979847,0.20195468737820627,0.5914540402873083,0.8450632648313494,0.6564494993241194,0.7743977461707767,0.8172296803739125,0.9999999999999999,0.0,0.0,0.0,0.0,0.7381981745686892,0.6789685024152209,0.6493068615749085,0.717120605431525,0.7960231320101129,0.5449365449365449,0.4609982272719679,0.5350901525658802,0.514261962734477,0.6336528266951894,0.06419753086419754,0.06573957016434893,0.06516290726817042,0.0656013456686291,0.06538139145012573,0.2359170841929462,0.41470797720797714,0.325078119805864,0.3709278634347745,0.36070102897088474,0.2727272727272727,0.1346153846153846,0.07692307692307693,0.3151331947855659,0.09076433121019109,0.6296296296296297,0.19888471300273333,0.14423076923076922,0.14400925698657036,0.17197452229299362,0.1798107255520505,0.06488549618320609,0.022650325027085593,0.013854678279526047,0.016728189881240706,0.38271604938271603,0.18846153846153843,0.33303815039969364,0.08032220943613348,0.2023752125256934,0.08148148148148149,0.19763146458061714,0.4790969899665552,0.2863449001666325,0.28061531065977646,0,0,0.41748971519678246,1.0,1
le-bernardin,0.934700378260004,0.6466625686245416,0.7444045979181119,0.21145357041774737,0.15555247621955845,0.769255893100868,0.8025430067314883,0.6118089826030606,0.6911868460388639,0.6794360533453201,0.7202253983949918,0.7323377026365991,0.25899686481484896,0.7796285872076821,0.29742336786462636,0.3161321756567791,0.19828863268570174,0.5920213772234983,0.2177205362249348,0.5852664391373639,0.5814358601198855,0.9999999999999999,1.0,1.0,1.0,1.0,0.5989712031198895,0.6362451377947258,0.37113059074524507,0.569663170632386,0.6650501651165897,0.3587665021668879,0.4048078753674297,0.25406221204992896,0.324516127974943,0.4422917221216031,0.4691358024691358,0.4696586599241467,0.4699248120300752,0.4693019343986543,0.46961441743503773,0.2631744135986779,0.48384765175890954,0.3995442235666955,0.5055075806211866,0.4607742678839151,0.1903855306996668,0.09307381716533801,0.008,0.19832857181000188,0.012037449843958983,0.7879581151832461,0.5338984498295428,0.5773333333333334,0.5712615027824716,0.5613018279090504,0.1798107255520505,0.0716971633464498,0.009422535211267607,0.03908998514580564,0.021986047155549533,0.7731239092495636,0.7423956931359353,0.8336726820161791,0.30622865506586433,0.8589360791341989,0.2418848167539267,0.2936712518344473,0.6128695652173913,0.24357666073118028,0.36643982536865216,0,1,1.0,0.0,0
masa,0.9173800517618953,0.6163313609467456,0.752792868416644,0.22050120857719707,0.24844264184401307,0.7706751993979054,0.6571428571428573,0.16081871345029208,0.4996532753917986,0.4582154310507449,0.37791869755045004,0.38677947336923996,0.08424578226474226,0.44592832309901625,0.19018523615160365,0.20239802244768654,0.4473763424963646,0.842555379197546,0.41898903646173513,0.6962465691297757,0.7509092263625389,0.9999999999999999,1.0,1.0,1.0,1.0,0.778498944161523,0.9999999999999999,0.8202241438746216,0.8049305124493797,1.0,0.6060606060606061,1.0,0.7462608411062013,0.647913129872021,0.9999999999999999,0.059259259259259255,0.06005056890012643,0.06077694235588972,0.05971404541631623,0.060142497904442586,0.25570291777188325,0.5489530277306168,0.33630790615616285,0.3943049051605885,0.4223112214073304,0.3127272727272727,0.36113360323886634,0.09278350515463918,0.2537313432835821,0.12975778546712802,0.5,0.017325674592572803,0.12371134020618557,0.10222376115727917,0.0726643598615917,0.1798107255520505,0.06488549618320609,0.0,0.03908998514580564,0.016728189881240706,0.8666666666666667,0.5599999999999999,0.520082884801673,0.23636363636363633,0.6196666620714375,0.136,0.059173357121617615,0.44778126400717166,0.1593854246856556,0.1621727492328785,0,1,0.7290647196078243,0.0,0
minetta-tavern,0.869400756520008,0.6451657925198138,0.7428667442186323,0.21173618276324865,0.15707047283194325,0.7692963088761606,0.5538847117794488,0.35185185185185164,0.42881082131821113,0.4453480475382001,0.4021500603484127,0.341273203120612,0.15225970406403008,0.41445268640887356,0.2132231954839585,0.22806026700507046,0.5248281748256862,0.7747057132005869,0.5907756253714694,0.7256844111903817,0.761997932012858,0.6666666666666666,0.0,0.0,0.0,0.0,0.74677696101477,0.684629329172684,0.5142937368142388,0.6485464858340019,0.7533109815891013,0.5576758295024553,0.46871731836343933,0.38899770393017086,0.42061254428763306,0.5674774349827352,0.41975308641975306,0.41908975979772445,0.41917293233082703,0.41968040370058873,0.41932103939647947,0.2630431073262289,0.38507580221685217,0.33161053856876904,0.426332288401254,0.3706154406226747,0.21052631578947367,0.13122171945701355,0.013452914798206279,0.19701492537313434,0.02396405391912132,0.5292397660818713,0.00981923421457611,0.01943198804185351,0.023440443213296396,0.020469296055916127,1.0000000000000002,0.9999999999999999,1.0,0.9999999999999999,1.0,0.442495126705653,0.24494720965309197,0.2671923935175237,0.039781818181818175,0.17304720210520871,0.21403508771929824,0.19830252831249842,0.39676350165724317,0.20572286374133947,0.24186361966484232,0,0,0.1963078896040451,1.0,1
nix,0.1761895281704161,0.6527520866230544,0.714621763011331,0.208773597212128,0.16681243302042653,0.7699389971730397,0.53125,0.289127837514934,0.4347982062780269,0.520174836542282,0.4003083932013318,0.19177876396861027,0.1305217153760833,0.3917454962678925,0.20673884008819346,0.21258522741246771,0.6828787121875042,0.7992399020996778,0.5743505346031201,0.7172002641653906,0.7765428607782976,0.9999999999999999,0.0,0.0,0.0,0.0,0.8011630109334658,0.7560946990912333,0.6076364034106776,0.6178327696025957,0.8024401039340486,0.6418621700879765,0.5716791939938627,0.48804915514592917,0.3817173311948141,0.6439101204016866,0.07654320987654321,0.07838179519595449,0.07832080200501253,0.07821698906644238,0.07816429170159261,0.23161472148541112,0.4260319112036073,0.30726707000864306,0.40092454668145555,0.36333009394233884,0.20738636363636362,0.10111662531017368,0.048,0.25531914893617025,0.048,0.625,0.1904781398395284,0.224,0.4498732834325455,0.272,0.31466876971608837,0.06488549618320609,0.018845070422535214,0.017881588949677046,0.02930778867193372,0.4583333333333333,0.4064516129032258,0.48791537025513376,0.1539651837524178,0.4159362549800797,0.04999999999999999,0.13249498815381813,0.37669565217391304,0.2061815144218957,0.1810314465408805,0,0,0.4588654916790653,1.0,0
nomad,0.8996615568385428,0.6709760827407887,0.7270078281863545,0.20264265820555666,0.14469758756545492,0.7683892656528555,0.3265306122448979,0.2327069716775596,0.0,0.08573853989813252,0.034519866488309514,0.16661512948747398,0.12567928580022875,0.29736073822985776,0.16197394482981595,0.190382504736158,0.7300607970860913,0.7975053174118386,0.8157821176928379,0.8708181159932453,0.8653539308967243,0.6666666666666666,0.0,0.0,0.0,0.0,0.9732872166588523,0.7967577685993679,0.6652549439006665,0.6998937016432749,0.8782791149749942,0.9472880061115357,0.6348229418234439,0.553554560510335,0.4898511935999254,0.771374203801259,0.08395061728395062,0.08596713021491784,0.08583959899749373,0.08494533221194281,0.08549874266554904,0.20295566502463053,0.2772067608405369,0.3241424777141992,0.31605059687097103,0.292961040397576,0.22857142857142854,0.540158371040724,0.043795620437956206,0.23178226514486394,0.11707317073170731,0.5142857142857142,0.11428784711854285,0.021897810218978103,0.025039378632339362,0.05365853658536585,0.11816133393420461,0.12070610687022898,0.03438881463966279,0.01954499257290282,0.03398678578310612,0.638095238095238,0.1852941176470588,0.19675779777342736,0.018181818181818177,0.14089981537265572,0.10857142857142858,0.08690594882020608,0.08473500476039353,0.12213014536068467,0.049056603773584895,0,0,0.36515173993376204,1.0,0
per-se,1.0,0.6469353023058767,0.7410978056451403,0.21190193275142616,0.15410557893872373,0.769310846731268,0.747695852534562,0.6705246913580241,0.6687080754549157,0.7575439221829301,0.7495926962049033,0.5704078805368376,0.3200442169365134,0.6918417411273117,0.3969874029204411,0.3343663461356822,0.3573884005484096,0.5258516388484975,0.2656606940680821,0.4930477529494224,0.5578017474213279,0.9999999999999999,1.0,1.0,1.0,1.0,0.5754889782394222,0.5989768677583482,0.41894236305206295,0.49392109620129115,0.6402391005839064,0.3311875640750542,0.3587732881096019,0.29683949277399246,0.24395804927268513,0.4099061059164894,0.3037037037037037,0.3034134007585335,0.3032581453634085,0.3036164844407065,0.3034367141659682,0.3386369470351673,0.5017249103942653,0.4344030586369708,0.47614862881262826,0.484829150050825,0.22140762463343105,0.1519230769230769,0.008264462809917356,0.20879030263049395,0.028965517241379312,0.7298387096774194,0.4855488578680204,0.49793388429752067,0.5522183621309744,0.5041379310344828,0.1798107255520505,0.06488549618320609,0.0,0.03908998514580564,0.016728189881240706,0.6774193548387096,0.875,0.9999999999999998,0.35720743345052736,1.0,0.2709677419354839,0.4487994350282486,0.6327703916636723,0.3793206844193791,0.5070396877033181,0,1,0.9882135079549765,0.0,0
rebelle,0.238502886721083,0.6296703296703297,0.6840957607571783,0.2215587225998421,0.14380795558787302,0.7717074084982194,0.6857142857142857,0.08080808080808088,0.1700888993784906,0.6081736599563423,0.26272313768101707,0.3053355503479408,0.10204367189022845,0.2615395738740578,0.2311511330948203,0.19756120440322428,0.5176695703904133,0.8587185431758234,0.7797216991454524,0.6919184873649028,0.811687632384762,0.9999999999999999,0.0,0.0,1.0,0.0,0.6631944208351273,0.8200065700939276,0.741554336111693,0.528333751859966,0.8529121078492754,0.4398268398268398,0.6724107749972075,0.6454230815133067,0.2791365533544281,0.727459063715894,0.0345679012345679,0.0347661188369153,0.03571428571428571,0.034482758620689655,0.03499580888516345,0.4412732095490715,0.4208319756706853,0.36102139532062655,0.2814202967459673,0.37977546611769536,0.39999999999999997,0.45874125874125865,0.017543859649122806,0.4349680170575693,0.15976331360946747,0.5,0.16045223811721274,0.12280701754385964,0.4790924680121356,0.21301775147928995,0.1798107255520505,0.06488549618320609,0.0,0.03908998514580564,0.016728189881240706,0.5111111111111111,0.1527272727272727,0.18757846701383202,0.08831168831168829,0.15382257950446734,0.03999999999999998,0.07960965588084234,0.29519450800915337,0.21038161222918728,0.13486658479401584,0,0,0.29077231665443315,1.0,1
rouge-tomate,0.7135178180370297,0.641045910611128,0.7467424283563302,0.21268996696691084,0.15513997647842398,0.7687065125646387,0.7047619047619047,0.48518518518518494,0.4310283326538933,0.35816998508000175,0.4502445163037425,0.4370517661843376,0.2095709559919278,0.4436035055304477,0.15745070600873226,0.2343664465370684,0.4871252852408201,0.7103792423160933,0.6719112697142591,0.8691985927623836,0.7932598054259442,0.6666666666666666,0.0,0.0,0.0,0.0,0.5113944996297937,0.580113098377124,0.32612976144739486,0.5351878649215228,0.617124364495893,0.26152433425160704,0.33653120690870686,0.21589486703772406,0.2864260507592581,0.3808424812544597,0.10864197530864197,0.11061946902654868,0.11027568922305764,0.11017661900756938,0.11022632020117351,0.20814618331859713,0.3677180406212664,0.41650379115266756,0.5372569301513921,0.4301150474619862,0.2545454545454545,0.2826373626373626,0.05113636363636364,0.21981004070556312,0.07954545454545454,0.6666666666666666,0.36329949238578685,0.4375,0.38976328380760517,0.39204545454545453,0.5154574132492115,0.07934569247546344,0.013384282970550576,0.03908998514580564,0.05693287351626809,0.5703703703703704,0.4639999999999999,0.36621032980709395,0.055371900826446274,0.3282325244476639,0.2,0.2632768361581921,0.4846837944664032,0.1646196374833788,0.27329902801600914,0,0,0.3077880733730505,1.0,1
sushi-inoue,0.21899263388413298,1.0,1.0,0.2154853448670187,0.2954416349151368,0.7823730122292248,0.0,0.4772998805256865,0.6544282511210762,0.8222269383135257,0.5669243910986514,0.16097007285190734,0.17769175820516317,0.815825624730031,0.7324933151620753,0.2624635021369962,1.0,0.7086073916303837,0.18126052266170245,0.19782674604719808,0.6485775418631494,0.0,1.0,1.0,1.0,1.0,1.0,0.690994557716487,0.47862557390573096,0.5841777060886664,0.8453584487323202,1.0,0.4774734787938036,0.3534562211981567,0.34126359229101627,0.7146309068431149,0.019753086419753086,0.019595448798988623,0.020050125313283207,0.019343986543313707,0.019698239731768652,0.18408488063660478,0.5079007206998882,0.31800993949870354,0.3546060864068527,0.37895475650577687,0.0,0.3672456575682382,0.21875,1.0,0.296875,0.4444444444444444,0.060954642213852966,0.03125,0.00554016620498615,0.020833333333333332,0.1798107255520505,0.06488549618320609,0.0,0.03908998514580564,0.016728189881240706,0.3333333333333333,0.4516129032258064,0.7435438705662725,0.1818181818181818,0.5415836653386454,0.022222222222222227,0.13249498815381813,0.44836956521739135,0.13635488837567358,0.1619496855345912,0,0,0.5155051517385869,0.0,0
sushi-yasuda,0.9390802309376867,0.6437706871441812,0.7423598990033797,0.21154946417833248,0.15849550762369902,0.7694606283825437,0.46621043627031655,0.3858072247902755,0.4944511005374319,0.6310546800406915,0.48654427251889043,0.22606548795996967,0.14532507948326018,0.5049103286085495,0.30195503994708894,0.23654591599791444,0.6289668077441445,0.7289816787049597,0.40763518422286327,0.5658066858967776,0.6922690773919795,0.6666666666666666,1.0,1.0,1.0,1.0,0.8989882736614431,0.8213362059362002,0.672342830040281,0.6647300469377687,0.874407256317617,0.8081799161807818,0.6745931631816724,0.5618426882857164,0.4418660353018882,0.7645880499009026,0.4098765432098765,0.41024020227560054,0.41040100250626566,0.41042893187552565,0.41031014249790443,0.24802172842643622,0.387342534144065,0.3195919956190991,0.40088542620098927,0.3571950840588908,0.3973870440936309,0.9644423373236931,0.33587786259541985,0.8493727680615328,0.48903061224489797,0.5,0.0008329878845236335,0.012213740458015267,0.007573826396795994,0.006122448979591836,0.1798107255520505,0.06488549618320609,0.0,0.04316685476223936,0.01793159537779935,0.4530938123752495,0.3796610169491525,0.39843433071913426,0.14065811489124372,0.3551609886982682,0.10419161676646707,0.1413996326377826,0.3550614005974112,0.15903219560114668,0.165633423180593,0,0,0.531614919523556,0.0,0
sushi-zo,0.1889309177782202,0.7252747252747254,0.5229274761707419,0.15408854576965494,0.12209397094480326,0.7685291858678954,0.9285714285714284,0.5787037037037033,0.7952167414050821,0.7333404074702887,0.7900239471993462,0.4227648114901249,0.25541007228624746,0.9438068856351414,0.25329067804057787,0.3537341909662227,0.34431186792151425,0.6067326495984179,0.022461522771722753,0.5649958406927176,0.5342701188497079,0.9999999999999999,1.0,1.0,1.0,1.0,0.24618298195866548,0.6793280101157877,0.29394218999620786,0.6202340864120491,0.6413487030390209,0.06060606060606061,0.4614865453278758,0.18984126984126978,0.38469032194738917,0.4113281588898342,0.01234567901234568,0.012642225031605564,0.013157894736842105,0.012615643397813289,0.01278290025146689,0.45278514588859414,0.39886499402628434,0.2532822982261185,1.0,0.5113301556450245,0.8636363636363635,0.6769230769230768,0.2857142857142857,0.7388059701492538,0.47619047619047616,0.5,0.04638324873096448,0.0,0.00554016620498615,0.015873015873015872,0.1798107255520505,0.06488549618320609,0.0,0.03908998514580564,0.016728189881240706,0.5555555555555556,0.27999999999999997,0.7529558182949594,0.20227272727272727,0.5501802314551318,0.2,0.268361581920904,0.4782608695652174,0.17090069284064663,0.27553159628631324,0,0,0.44105752897477357,1.0,1
tempura-matsui,0.22197889707346208,0.7450549450549451,0.6162029746281715,0.2606426422837108,0.24059577416002767,0.7695422932843201,0.625,0.5679012345679006,0.6050608584240869,0.5065890532783572,0.5860472101929961,0.363573956354112,0.3475672496581119,0.7636253240987514,0.1708765332844807,0.30851281838071365,0.45853173205344677,0.5661796141066455,0.18553872153584006,0.748304938512901,0.6158755759697548,0.9999999999999999,1.0,1.0,0.0,1.0,0.8790490729915326,0.5735981152294116,0.6252182678410407,0.631066108444088,0.7384964914024665,0.7727272727272727,0.3290147977947334,0.5076845553036028,0.3982444332267654,0.5453770678137532,0.01728395061728395,0.017067003792667512,0.017543859649122806,0.01682085786375105,0.01718357082984074,0.2049071618037135,0.35937430859772557,0.29853994320286453,0.35218818360580817,0.31887947922933346,0.1818181818181818,0.07692307692307691,0.07142857142857142,0.26439232409381663,0.05357142857142857,0.6875,0.5166854671930814,0.39285714285714285,0.33702677746999077,0.4166666666666667,0.1798107255520505,0.06488549618320609,0.0,0.03908998514580564,0.016728189881240706,0.5,0.41481481481481475,0.6776602364654636,0.29870129870129863,0.6189527603870233,0.30000000000000004,0.3408662900188324,0.5217391304347826,0.21038161222918728,0.35534591194968546,0,0,0.725991571639774,0.0,0
uncle-boons,0.3862233724865618,0.6648256994464274,0.7314666446304408,0.21307081934074057,0.13701420159334948,0.7687694623956414,0.5428571428571427,0.4837261503928172,0.4752978309821203,0.25465922871695357,0.4111658673822003,0.31966836380103336,0.18685694127171878,0.5428086583132234,0.15816885429944824,0.23421142627983196,0.5509003743177017,0.69880748305254,0.4350305797783732,0.7775726647228136,0.7297187362307758,0.6666666666666666,1.0,0.0,0.0,0.0,0.7600719020943771,0.6673562103491316,0.569218916564572,0.7930303693821592,0.8088968874886755,0.5777092963533644,0.4453643114915544,0.4462236692812397,0.6288971667624038,0.6543141745888669,0.145679012345679,0.14601769911504425,0.14598997493734334,0.14634146341463414,0.1460603520536463,0.316631299734748,0.43229013121486237,0.29367982164915185,0.3426085706545477,0.35234007766196607,0.24999999999999997,0.3886113886113886,0.13304721030042918,0.4349680170575693,0.18240343347639484,0.55,0.05268420243039534,0.11158798283261803,0.07373169766521569,0.0815450643776824,0.1798107255520505,0.06488549618320609,0.0,0.03908998514580564,0.016728189881240706,0.42222222222222217,0.3151515151515151,0.4763334232475409,0.0798961038961039,0.31818363171063957,0.33333333333333337,0.3682588597842835,0.6029109908565031,0.20406466512702076,0.39242043890193534,0,0,0.4496265071070058,1.0,0
ushiwakamaru,0.905036830579335,0.6214527408075795,0.7354087139107612,0.20988677975045147,0.18230245407514017,0.7697580964977544,0.6785714285714286,0.4451851851851849,0.5026692291266279,0.6368890654914563,0.5465185618294628,0.5322899519421249,0.16416702430337038,0.48027339654087753,0.22867729195715547,0.2518978408907111,0.38123770837143534,0.7454837747844935,0.4595474348198466,0.6771226675077238,0.7015624059672014,0.9999999999999999,0.0,1.0,1.0,1.0,0.6676434681673373,0.6564145754312998,0.5822903075756536,0.5280649217168045,0.7205877809578964,0.44574780058651037,0.4308800948386535,0.46028843537414954,0.2788525615477749,0.5192467500658253,0.07654320987654321,0.07901390644753477,0.07894736842105263,0.07821698906644238,0.07858340318524727,0.21543435013262596,0.39719474313022696,0.3361423220973783,0.3788895723354026,0.35990407278232756,0.3607954545454545,0.8209230769230768,0.3412698412698413,0.9603048586852969,0.4854111405835544,0.53125,0.004223350253807107,0.007936507936507936,0.07959568574291272,0.029177718832891247,0.1798107255520505,0.06488549618320609,0.0,0.03908998514580564,0.016728189881240706,0.5833333333333333,0.3584,0.36811173338864683,0.13307543520309476,0.35243640821330063,0.225,0.14259887005649718,0.30434782608695654,0.17090069284064663,0.17716830989439966,0,0,0.40264379270300954,1.0,1
zzs-clam-bar,0.37228747760302605,0.942857142857143,0.5008332579117266,0.17026235582382115,0.21910814596165717,0.7675063509065112,0.7321428571428572,0.4907407407407405,0.6398639245399718,0.5013119308535265,0.5872884479435423,0.18504903096223244,0.2024110709291536,0.855696552881878,0.2385104999883781,0.29082873688538513,0.6420006949432431,0.6897577440439726,0.16144700177589366,0.6314142380546088,0.6370184875435925,0.9999999999999999,1.0,1.0,1.0,1.0,0.5524443910429403,0.6650761545924962,0.4795399353362744,0.8099223289565345,0.7517480105106725,0.3051948051948052,0.442326291407542,0.35435139573070606,0.6559741789423769,0.5651250713067542,0.01728395061728395,0.017699115044247787,0.018170426065162906,0.017661900756938603,0.017812238055322716,0.18255968169761272,0.46392302440689537,0.29536852144368614,0.7017440162685722,0.4443029538033057,0.1818181818181818,0.39835164835164827,0.06896551724137931,0.17910447761194032,0.08620689655172414,0.5625,0.31884517766497467,0.3793103448275862,0.36716192394862757,0.3333333333333333,0.1798107255520505,0.06488549618320609,0.0,0.03908998514580564,0.016728189881240706,0.5,0.7,0.4413878934832521,0.24132231404958676,0.5644090305444888,0.2,0.16666666666666669,0.7061469265367317,0.24627335712786058,0.3331164606376057,0,0,0.2564024449827751,1.0,0
