name,first_review,div1_slope,div2_slope,div3_slope,div4_slope,total_slope,div1_mean,div2_mean,div3_mean,div4_mean,total_mean,div1_kurtosis,div2_kurtosis,div3_kurtosis,div4_kurtosis,total_kurtosis,div1_skew,div2_skew,div3_skew,div4_skew,total_skew,div1_median,div2_median,div3_median,div4_median,total_median,div1_std,div2_std,div3_std,div4_std,total_std,div1_var,div2_var,div3_var,div4_var,total_var,div1_number_reviews,div2_number_reviews,div3_number_reviews,div4_number_reviews,total_number_reviews,div1_avg_length_reviews,div2_avg_length_reviews,div3_avg_length_reviews,div4_avg_length_reviews,total_avg_length_reviews,div1_menu,div2_menu,div3_menu,div4_menu,total_menu,div1_service,div2_service,div3_service,div4_service,total_service,div1_value,div2_value,div3_value,div4_value,total_value,div1_access,div2_access,div3_access,div4_access,total_access,michelin__0.5,michelin__1.0,security,at_risk,actual
aska,0.05275731634481386,0.6537681689886611,0.7420472440944883,1.0,0.1562175268444752,0.8717948717948717,0.1428571428571428,1.0,0.7952167414050821,1.0,0.874014368319608,0.0,0.0,0.1836734693877554,0.0,0.3497583410959762,0.883220608395573,1.0,0.7113248654051862,1.0,0.6110495152710724,0.33333333333333337,1.0,1.0,1.0,1.0,0.6310746041659502,0.0,0.07685863390656184,0.0,0.4726454712213274,0.44483686255330407,0.0,0.04126984126984126,0.0,0.2233937414660306,0.0,0.0018963337547408345,0.0018796992481203006,0.0008410428931875525,0.0014668901927912825,0.5262599469496021,0.7632417363600159,0.5864304235090753,0.4086845466155811,0.6611237087427564,0.0,0.5024875621890548,0.6666666666666666,1.0,0.45355191256830596,0.08333333333333334,0.02987697715289982,0.08686619489709796,0.03790750568612586,0.01931468079669442,0.17204301075268816,0.25870646766169153,0.13846153846153847,0.19148936170212763,0.1700404858299595,0.19791666666666669,0.1945945945945946,0.5359001713380531,0.6122448979591837,0.31773879142300193,1,0,0.5029395140195323,0,0
blanca,0.4457495520605216,0.6664412510566358,0.741705922053861,0.19051745481554838,0.27301201514097795,0.7665092807543582,0.8351648351648349,0.3388888888888886,0.47341447789878277,0.2300956125457958,0.39022954266690046,0.12330640335128659,0.11191341508692329,0.46892874796977646,0.12062497623968664,0.2210257638592079,0.7403208490843578,0.8473588780277914,0.4583310500186424,0.7901706439321047,0.7451087585891313,0.9999999999999999,0.0,1.0,0.0,1.0,0.30535240827622967,0.6956306661977498,0.6858509452614676,1.0,0.8776964042716935,0.09324009324009326,0.4839020237547253,0.5777777777777774,1.0,0.7703509780714599,0.02962962962962963,0.03160556257901391,0.03070175438596491,0.031118587047939447,0.03101424979044426,0.7861660885533563,0.6324014336917563,0.44532834741502475,0.3494839502099031,0.5507742144476837,0.3846153846153846,0.0,0.4285714285714286,0.01713586291309671,0.0,0.012820512820512817,0.02987697715289982,0.08686619489709796,0.03790750568612586,0.011524426208694337,0.17204301075268816,0.1382462686567164,0.0,0.0,0.0,0.01282051282051283,0.08183783783783784,0.10629424886044028,0.0,0.0,1,0,0.7463139410364795,0,0
cafe-boulud,0.9124029464463468,0.6343677375256322,0.733612670797777,0.20925214640187845,0.1567699365050565,0.7691668658412738,0.5714285714285714,0.4197322322322319,0.4390719438487034,0.4396902860362246,0.4334874280143426,0.39843905844803507,0.19440593254195698,0.4351546639030095,0.22011077933892567,0.24330528596960166,0.5146555871341353,0.7221865925606495,0.46672162778542026,0.6949197502711386,0.7130144249694091,0.6666666666666666,0.0,1.0,0.0,0.0,0.6822422923379535,0.624362625707808,0.7612865104265363,0.6943879173657033,0.7966156103879484,0.4654545454545456,0.38982868838074836,0.670132143899287,0.4821745797834788,0.6345964307137635,0.18518518518518517,0.18710493046776233,0.18734335839598998,0.18671152228763666,0.18692372170997487,0.41703196984503693,0.46765919144951396,0.2860875924646546,0.4255922800327729,0.3932461234200722,0.4407894736842105,0.1629689390883421,0.46153846153846156,0.04838877880905203,0.09322624417794405,0.08333333333333334,0.03774996437562342,0.0903887788874903,0.03790750568612586,0.023235949884613923,0.15025466893039047,0.2383584610730133,0.1573707229225624,0.13710523804980437,0.1457897454011901,0.15570175438596492,0.10208181154127101,0.04594826643883581,0.19319117781641804,0.06295380509439147,0,0,0.780804259134656,0,0
cote,0.08381445351383635,0.6493599423831983,0.7648398901772471,0.21252460456252892,0.1377865588069243,0.7695600891351132,0.5614617940199336,0.20524691358024683,0.4692599570143545,0.3324440132589537,0.32824262001245286,0.24982065217819824,0.13285588911491847,0.5127398562554608,0.1520935494144684,0.21367076781586783,0.5989453366720734,0.8002172698019849,0.4191577493049884,0.7516859231864432,0.759174997042436,0.9999999999999999,0.0,1.0,0.0,0.0,0.7839115164864313,0.78610248470439,0.6604077511083573,0.8819738315137318,0.8972526996872002,0.6145172656800565,0.6179571164584158,0.5479155764870051,0.7778778394750124,0.805062407095969,0.1037037037037037,0.10619469026548674,0.10588972431077694,0.10513036164844407,0.10561609388097233,0.43662944913947316,0.49903638277294193,0.33687152552254607,0.47933448699732223,0.4460052419236093,0.4534883720930233,0.2937100213219616,0.5650887573964497,0.3802141011443336,0.2791420981014709,0.08333333333333334,0.03681270399196585,0.09309845888009981,0.03790750568612586,0.023933408813295257,0.17204301075268816,0.2013444681355129,0.24551661356395083,0.34549138804457946,0.2506920996623514,0.03003875968992248,0.2041827541827542,0.31220004602426654,0.5260770975056689,0.24242424242424243,0,0,0.6141323979318382,0,0
daniel,0.9520207047581127,0.6474669890467208,0.740016864331938,0.21190855941419146,0.15449194707741473,0.7693032592633897,0.7804014167650533,0.6615378592122774,0.6908850601840926,0.756881784017855,0.7599642175352526,0.6032350284148158,0.26741540201605585,0.7723493222110275,0.47302270333463564,0.3338114321416563,0.3557381515189286,0.5812790937547719,0.19409393540165887,0.4168470972645417,0.5528776650473254,0.9999999999999999,1.0,1.0,1.0,1.0,0.49307754924732755,0.5711746405986885,0.42136795835199353,0.5414300283784549,0.632977643874024,0.24312546957175074,0.32624047006304097,0.2990707993612721,0.29314647562989443,0.4006606976443107,0.2962962962962963,0.29898862199747156,0.2976190476190476,0.29857022708158115,0.298197820620285,0.45059078852182294,0.619705431408357,0.33110039576036027,0.2966772203502154,0.4403712228416847,0.371900826446281,0.4115048436464611,0.588421052631579,0.29422524170368436,0.3028472821397757,0.09090909090909093,0.02987697715289982,0.09573569058659112,0.03471305295976694,0.022594787991641822,0.12414467253176929,0.34784192147086973,0.2860566801619433,0.26416447525699255,0.2792243767313019,0.032196969696969696,0.272921547340152,0.16327356068378682,0.27459298326072,0.16281932902431517,1,0,0.9263726148053831,0,0
delaware-and-hudson,0.3077841927135178,0.6434174521131043,0.7146325898442365,0.20185330413554664,0.1560323243701215,0.767044063027187,0.9627329192546581,0.36658249158249134,0.406358643623721,0.27222968350100096,0.4068766328754556,0.9658402439371898,0.15793653195132887,0.3859668165422957,0.12135636727359525,0.21671505647955136,0.0,0.7436788231113941,0.5977812597198456,0.8139610082013738,0.7547656684841554,0.9999999999999999,0.0,0.0,0.0,1.0,0.17373328834652896,0.7382822358966314,0.6385740496640222,0.8765268150720388,0.8484208924738955,0.030183255479698176,0.5450606598405293,0.5228075295491024,0.7682992575403321,0.7198180107862012,0.05432098765432099,0.05562579013906448,0.05576441102756892,0.055508830950378465,0.05553227158424141,0.22576404105639486,0.44429510155316604,0.26444796208714905,0.21046052680981486,0.29779102652296874,0.4782608695652174,0.3385345997286296,0.5168539325842697,0.23984727525164873,0.23865659728617916,0.08333333333333334,0.016636044096501035,0.09870049392100035,0.08882803571226507,0.032444323360739505,0.28003740065451144,0.3819043984622343,0.21469317199654278,0.1794220387424579,0.25123959423190645,0.12817028985507248,0.2861179361179361,0.12077534737092162,0.25921413341455984,0.1622314212497536,0,0,0.4497710881613466,1,1
dovetail,0.7720485765478798,0.6508731057772459,0.7410622545613286,0.21527171642271484,0.15296675749973468,0.7693406852463188,0.6714285714285715,0.2814009661835746,0.36719336399853697,0.4220186171769802,0.3603111183401597,0.3821094321049291,0.14399945390203087,0.39098302866850126,0.16902795810253599,0.21948616724869555,0.5746558549569227,0.7974509128291648,0.5373871663908215,0.7431640710054928,0.7621730640272983,0.6666666666666666,0.0,0.0,0.0,0.0,0.4885961988246598,0.6972086892137664,0.7559620734695671,0.7459838921572612,0.8202082698006703,0.23872624550590654,0.4860999563151783,0.6634262880822,0.5564919673580964,0.672741605849409,0.145679012345679,0.14538558786346398,0.14598997493734334,0.14550042052144657,0.14564124056999161,0.5526613616268787,0.5537998026076567,0.35674620985900346,0.30225005149037387,0.4416521544738686,0.7,0.4224529526281635,0.572961373390558,0.19018978882651696,0.3190958910553426,0.06805555555555556,0.019744784901046836,0.08234579741586485,0.03790750568612586,0.01260857928622089,0.18584229390681,0.37916666666666665,0.19669858038956753,0.177549523110785,0.23042071573371126,0.278125,0.2576263219741481,0.1837339430409542,0.21557588552662443,0.16811397216139345,0,0,0.4888720623816847,1,1
eleven-madison-park,0.9677483575552459,0.6484031019148077,0.7433251396899963,0.21196637707737973,0.1511089227588106,0.7691178301706716,0.7456828885400315,0.7098940300073444,0.7394190557766915,0.5990081315342684,0.7444831747720371,0.49883213984047703,0.3428992600896381,0.906995279554734,0.24540833687972408,0.32140366663456954,0.4176337875474065,0.5061069952159034,0.11555848937623259,0.6271417831343631,0.5698738750848084,0.9999999999999999,1.0,1.0,1.0,1.0,0.5391952250636969,0.5474203886526318,0.331927226376109,0.6706298736309556,0.6472486331872516,0.29073149073149074,0.29966908191259845,0.2206979705951064,0.44974442740627146,0.4189307931627653,0.2222222222222222,0.2231352718078382,0.22305764411027568,0.2228763666947014,0.22296730930427494,0.44835164835164826,0.6612767844148635,0.45456940168782106,0.4222840859259492,0.5496146461801015,0.47802197802197804,0.39960255380322185,0.6783707865168539,0.6074925686308795,0.43791714083597333,0.08333333333333334,0.023275265487386544,0.09870049392100035,0.04218278828230547,0.02260324980663817,0.1902398676592225,0.4190925683198737,0.38621434745030253,0.4407294832826747,0.4200765660724187,0.15384615384615385,0.2744506546206263,0.2764471563585959,0.43731778425655976,0.2462394259570126,0,1,0.913297175597994,0,0
faro,0.23472028668126615,0.680161943319838,0.6438410409966361,0.23200325063953356,0.19478033169728537,0.768784229024289,0.6616541353383458,0.3335941575378194,0.30885650224215233,0.36791800289253596,0.33857543367793985,0.3662132538687674,0.12087517125712646,0.316292471931384,0.13814712849007058,0.19949067898192605,0.4811910662085698,0.789565463704138,0.6124958633387529,0.7930061604149915,0.7856561670753086,0.9999999999999999,0.0,0.0,0.0,0.0,0.7407052977520968,0.7525132378276577,0.8573782425345342,0.7901594215894738,0.8929135402212264,0.5486443381180225,0.566276173105865,0.7960429242119382,0.6243519115266117,0.7972945903104037,0.04444444444444444,0.04487989886219975,0.045112781954887216,0.044575273338940284,0.04484492875104778,0.2755270138210247,0.3273091355781042,0.27657735522904064,0.20817225755497365,0.26678184501313756,0.6842105263157895,0.5690561278116459,0.6944444444444444,0.5913006029285098,0.5332422586520947,0.13157894736842107,0.02987697715289982,0.05760917786578372,0.03790750568612586,0.013904781777249919,0.4335031126202603,0.4453349449933431,0.42115384615384616,0.2813238770685579,0.4121120107962213,0.19791666666666669,0.5122192615150362,0.500099677798252,0.5404383975812547,0.4152046783625731,0,0,0.3337761742442762,1,0
gramercy-tavern,0.9715309575950627,0.6473294311408044,0.740532156767839,0.21152617423549627,0.15666830912736548,0.769218044689986,0.8486238532110091,0.6472974741525976,0.6748826537026948,0.695723103002091,0.7391772871066347,0.5134612608308115,0.2863495427077075,0.738187258036585,0.36771350495973887,0.33144866915686083,0.40422603375535804,0.6076400801737628,0.2372266368540178,0.5090421544475616,0.5764196307027007,0.9999999999999999,1.0,1.0,1.0,1.0,0.35640703959016085,0.5150767546442776,0.39663072026054574,0.590729326483398,0.6089549774317682,0.12702597786942246,0.2653040631748814,0.27659184305519746,0.3489611371675291,0.3708261645389252,0.5358024691358025,0.5366624525916561,0.5363408521303258,0.5365853658536586,0.5364626990779547,0.44048134718808546,0.47925382732936206,0.3010883569334163,0.26325238607360457,0.36503106502628563,0.4495412844036697,0.18604855580753477,0.7114485981308412,0.2959566182625468,0.29934349445233616,0.07492354740061163,0.028504536506300183,0.11024446551557804,0.08773896855990633,0.03938325233486793,0.12646739666568016,0.18066982519674887,0.37756110711718194,0.25854892951087133,0.25316917767306035,0.12801032110091742,0.1632890841371407,0.4119367801558448,0.3155121203410942,0.20018625799471357,0,0,0.7935811048350724,0,0
kajitsu,0.060521600637069475,0.6537681689886611,0.716547702246227,0.22130900635527978,0.17574389923402522,0.9999999999999999,0.5714285714285714,1.0,1.0,1.0,0.9370071841598042,0.0,0.0,0.0,0.0,0.34975834109597603,0.883220608395573,1.0,1.0,1.0,0.7433592376460783,0.6666666666666666,1.0,1.0,1.0,1.0,0.6310746041659502,0.6910184300334196,0.5998726655870714,0.6682678072621301,0.30699223879600224,0.44483686255330407,0.49449049859039657,0.4962709493507853,0.47003463044851806,0.09424423468098166,0.0,0.0006321112515802782,0.0006265664160401002,0.0,0.00041911148365465214,0.45464190981432356,0.4235364396654719,0.22774416594641314,0.040249235651534515,0.29122125040492386,1.0,1.0,1.0,1.0,1.0,0.08333333333333334,0.02987697715289982,0.08686619489709796,0.03790750568612586,0.01931468079669442,0.9999999999999999,0.25870646766169153,0.13846153846153847,0.19148936170212763,0.4888663967611336,1.0,1.0,0.10629424886044028,1.0,0.7807017543859649,0,0,0.3409991989050345,1,0
ko,0.01712124228548676,0.6537681689886611,0.716547702246227,0.22130900635527978,0.17574389923402522,0.7692307692307692,1.0,0.35185185185185164,0.3856502242152464,1.0,0.7480287366392151,0.0,0.0,0.0,0.0,0.0,0.883220608395573,1.0,1.0,1.0,1.0,0.9999999999999999,0.0,0.0,1.0,0.5,0.6310746041659502,0.6910184300334196,0.5998726655870714,0.6682678072621301,0.35448410341599557,0.44483686255330407,0.49449049859039657,0.4962709493507853,0.47003463044851806,0.12565897957464223,0.0,0.0006321112515802782,0.0006265664160401002,0.0,0.00041911148365465214,1.0,0.9999999999999999,1.0,0.4093037656256047,1.0,1.0,1.0,1.0,1.0,1.0,0.08333333333333334,0.02987697715289982,0.08686619489709796,0.03790750568612586,0.01931468079669442,0.17204301075268816,0.25870646766169153,0.13846153846153847,0.9999999999999999,0.4888663967611336,1.0,0.1945945945945946,0.10629424886044028,1.0,0.5614035087719298,1,0,0.49852892294216056,1,0
la-sirena,0.40891897272546285,0.6537681689886611,0.7420472440944883,0.21143847487001732,0.17574389923402522,0.0,1.0,0.435216735619417,0.46425516451454696,0.3904923599320882,0.7480287366392151,0.0,0.1919125340159297,0.47152385557278365,0.0,0.25923599835091143,0.883220608395573,0.7129474805491575,0.49988461551140284,1.0,1.0,0.9999999999999999,0.523076923076923,0.5,0.0,0.5,0.6310746041659502,0.6910184300334196,0.5998726655870714,0.6682678072621301,0.35448410341599557,0.44483686255330407,0.49449049859039657,0.4962709493507853,0.47003463044851806,0.12565897957464223,0.0,0.0,0.0,0.0,0.0,0.0,0.0,0.0,0.0,0.0,0.5,0.5107662194170286,0.6624999723322363,0.1511627906976744,0.18032786885245902,1.0,0.053687198769535094,0.10891263589791428,0.03790750568612586,0.6035837748967006,0.17204301075268816,0.4764279782681142,0.3446831928867484,0.19148936170212763,0.1700404858299595,1.0,0.3782388517772738,0.3712717994306517,1.0,1.0,0,0,0.0,0,1
meadowsweet,0.29902448735815246,0.6351084812623274,0.7072407953009245,0.21116202285923955,0.2056293113482328,0.7679533853130327,0.8516483516483517,0.4916485112563542,0.307350742987778,0.4221550944810706,0.4439396386744896,0.7887627076484917,0.2126351304132511,0.31931968442307274,0.22413864973399528,0.23582440286614034,0.18539216615780718,0.6629626256804366,0.6477852643535249,0.6680796829962523,0.7162772502184953,0.9999999999999999,1.0,0.0,0.0,1.0,0.44939742095170276,0.6718740480363463,0.7668099094530039,0.7662944974476616,0.826344645373927,0.20195804195804193,0.45141473642474667,0.6771186362333712,0.5872072568185642,0.6828454729381612,0.0617283950617284,0.06447534766118837,0.06390977443609022,0.063919259882254,0.06391450125733444,0.21871046725158128,0.3845140206620282,0.2641635738132764,0.21319630097059566,0.27637808652233964,0.8076923076923077,0.48785484342990926,0.6176470588235294,0.4267592872244035,0.4393122229935388,0.08333333333333334,0.0641476274165202,0.07654018888604587,0.11175329598377362,0.04595887401298135,0.3631100082712986,0.4358538191395961,0.23823529411764707,0.2964907432992539,0.33620382703187435,0.38301282051282054,0.40779014308426076,0.40954548825640225,0.4158494566657832,0.3399622835590605,0,0,0.46258295808501426,1,0
the-modern,0.9072267569181764,0.6509858846700952,0.7353934949189428,0.2105422496322366,0.15762789593998464,0.7696317640279777,0.5885714285714285,0.4390166028097062,0.57921248233921,0.6855051902845934,0.5771715101137516,0.41330096000177974,0.1929507874055671,0.615154296989831,0.4045822559321346,0.27560108840760345,0.557953342964441,0.7339387062420561,0.34195904911692154,0.49435099361622137,0.6697233907436674,0.6666666666666666,0.0,1.0,1.0,1.0,0.5817874684768128,0.591175231292016,0.5171254794171467,0.5792840256160036,0.6893734151030231,0.33847665847665853,0.3494881540931687,0.3918740739246317,0.33556998233388263,0.47523570545080496,0.18271604938271604,0.18331226295828068,0.18295739348370926,0.18334735071488645,0.183151718357083,0.41517241379310343,0.5243439212293494,0.3620531961497022,0.32942451333255934,0.42640000118333915,0.6133333333333333,0.4467318579516212,0.5633561643835616,0.0,0.2645407590388502,0.08333333333333334,0.033894915459669106,0.09408025389112065,0.03790750568612586,0.023316523906968433,0.18308243727598564,0.39162806656373306,0.21591148577449948,0.1361119207228213,0.2253618767677888,0.34763888888888894,0.28346691519105316,0.1725006410230861,0.15366694623054702,0.16386285348073382,1,0,0.7837141201024285,0,0
peter-luger,0.9649611785785388,0.6458545906821769,0.7410002203496963,0.2115319697299421,0.15628076254363937,0.7692163324249356,0.6833216045038706,0.3485742379547685,0.3783365364082849,0.4155897333466494,0.39033932486794587,0.4647846673039306,0.1450636955010066,0.3661846922253962,0.18072703644995186,0.21673812375939697,0.4287176031223315,0.7683304897877431,0.5737348200037076,0.7171930566956644,0.7543234812124973,0.9999999999999999,0.0,0.0,1.0,0.0,0.6386891198633636,0.7322195687214083,0.7303384408692954,0.8019536442115373,0.8548365085897296,0.4079237918318381,0.5361454968185652,0.631552399434172,0.6431296474641648,0.7307454564178788,1.0,1.0,1.0,1.0,1.0,0.3488011394075603,0.4795251084859991,0.29391786510355405,0.24142308496601944,0.34631573218989753,0.5270935960591133,0.2575051418004793,0.5128446115288221,0.20680085987883523,0.20591043013041957,0.11945812807881775,0.04387118705827199,0.09808505105196282,0.09429093851338868,0.04648429514319659,0.382091212458287,0.2823111842808712,0.18168016194331985,0.34435902020382614,0.28223728733066594,0.39349856321839083,0.2276864728192162,0.15797616434646888,0.3802435259818213,0.2086153800924599,0,0,0.7335123536863908,0,0
river-cafe,0.9259406729046387,0.6426725036481135,0.7367366129141139,0.21268909513176984,0.15526369465087786,0.7690820754910342,0.7248677248677247,0.4382716049382718,0.4302244981680836,0.4419276038196758,0.46078149640792043,0.5021125136116095,0.1905578963697577,0.41812686204751764,0.18117474656329413,0.23609747285822943,0.40546642799929783,0.6818618218074768,0.4918451509382632,0.6803920756455025,0.6964990956308059,0.9999999999999999,1.0,1.0,1.0,1.0,0.5665577237325315,0.740160295217467,0.7497292811515412,0.898626202822339,0.8838024659644159,0.32098765432098747,0.5478372626164077,0.6556125369127005,0.8075290523988954,0.7811067988447826,0.19753086419753085,0.19911504424778761,0.19862155388471175,0.19848612279226238,0.19865884325230512,0.3953695516913907,0.4546718249227209,0.30244377251076293,0.25711958977393773,0.350612585886485,0.691358024691358,0.44325989102108504,0.6230283911671924,0.3302423707192621,0.38654012079378774,0.09465020576131689,0.03727508578123692,0.08686619489709796,0.04270592412740761,0.024234841589115524,0.32536837913181993,0.4766820658611703,0.3168163067216695,0.32453541610557496,0.3861708928190922,0.4553755144032922,0.3838009438009438,0.38275988982395137,0.34883320416774305,0.31301939058171746,0,0,0.5547804244605858,0,1
satsuki,0.09595859048377464,0.9230769230769231,0.0,0.0,0.1562175268444752,0.7503350308228356,0.6785714285714286,0.6011396011396011,0.07847533632286963,0.3904923599320882,0.3516349198887121,0.23486933971673646,0.2852274484761828,0.22431977674724018,0.12186588921282812,0.20720366727563871,0.535356512231965,0.5431071660327693,0.7997951180636013,0.854703368548644,0.7715621905396546,0.9999999999999999,1.0,0.0,0.0,1.0,0.9045340337332909,0.7438703307824658,1.0,0.6782465054898074,0.9195653659170413,0.8181818181818182,0.5533430690184152,1.0,0.4600183222091352,0.8456004621941421,0.007407407407407408,0.008217446270543617,0.008771929824561403,0.007569386038687973,0.008172673931265716,0.2273209549071618,0.3112765370829887,0.4154833930114829,0.0367816091954023,0.2839602740050724,0.75,0.6555683122847302,0.4642857142857143,0.7453488372093022,0.4802079168332667,0.08333333333333334,0.02987697715289982,0.08686619489709796,0.03790750568612586,0.01931468079669442,0.3790322580645161,0.8146766169154229,0.21923076923076923,0.5148936170212766,0.543300088871334,0.3984375,0.3804573804573805,0.38246948473890563,0.45714285714285713,0.3367565254599914,0,0,0.5124277696040218,0,0
sushi-amane,0.07246665339438582,0.0,0.6639370078740159,0.19410745233968804,1.0,0.7577572521287342,0.6785714285714286,0.7507122507122501,0.48016557433597784,0.3904923599320882,0.5779481338706858,0.16388167623682554,0.17043062304015438,0.1722893238928225,0.15387107223841934,0.24382841953867462,0.7345847089241798,0.6485343751187256,0.8770359507400355,0.7593384112392847,0.7396522710268354,0.8333333333333334,1.0,0.0,1.0,1.0,0.5773502691896258,0.478866728764425,0.3961828044110069,0.9099631750661358,0.7087466196389457,0.3333333333333334,0.22931334391754143,0.2761904761904761,0.8280329799764428,0.5023217708496324,0.007407407407407408,0.008217446270543617,0.008145363408521303,0.007569386038687973,0.00796311818943839,0.6851458885941644,0.48217075636430473,0.3440263280366997,0.4115948759626921,0.45777453838678334,0.625,0.8851894374282434,0.7307692307692308,0.5755813953488371,0.6516393442622951,0.08333333333333334,0.02987697715289982,0.08686619489709796,0.03790750568612586,0.01931468079669442,0.586021505376344,1.0,0.660355029585799,0.5957446808510638,0.839574898785425,0.19791666666666669,0.3185031185031185,0.40371373365263374,0.7673469387755102,0.38596491228070173,0,0,0.28380838833562994,1,0
the-clocktower,0.2339239498307784,0.6482840236686391,0.7384218303546172,0.21307681803447315,0.14659572004210936,0.7686691908030816,0.7428571428571429,0.3121693121693121,0.39831722990152985,0.3410728215482033,0.37007184159803774,0.39639400368958083,0.148449361158617,0.47251354074288293,0.14061409781164816,0.2208250977245775,0.4452978898789721,0.7684665354751475,0.5229550920024006,0.8354499377225558,0.7730174482398599,0.9999999999999999,0.0,0.0,0.0,0.0,0.5773502691896257,0.7264052918797141,0.5666109915690454,0.679926856979548,0.7735477316963588,0.3333333333333333,0.5276646480708527,0.4434380625102273,0.4623005308420867,0.5983760932125819,0.059259259259259255,0.06194690265486726,0.06077694235588972,0.061396131202691336,0.06119027661357922,0.42431830238726786,0.4453526930485456,0.3246709852177245,0.3115843115843116,0.3755489886268728,0.38,0.18519646664636005,0.4896907216494845,0.1970458830923947,0.14408386305341808,0.15666666666666668,0.06554642946809655,0.0,0.05327541339671742,0.011365441421184131,0.07268817204301076,0.22183089653771956,0.1034892942109437,0.12593444508338122,0.10497397339502602,0.16583333333333333,0.26034197462768893,0.0,0.20353006067291782,0.1138560687432868,0,0,0.5443914724084171,0,0
tori-shin,0.0,0.6537681689886611,0.7420472440944883,0.22130900635527978,0.17574389923402522,0.7692307692307692,0.5714285714285714,0.435216735619417,0.3856502242152464,0.3904923599320882,0.37007184159803774,0.0,0.1919125340159297,0.0,0.0,0.25923599835091143,0.883220608395573,0.7129474805491575,1.0,1.0,1.0,0.6666666666666666,0.523076923076923,0.0,0.0,0.0,0.6310746041659502,0.6910184300334196,0.5998726655870714,0.6682678072621301,0.0,0.44483686255330407,0.49449049859039657,0.4962709493507853,0.47003463044851806,0.0,0.0,0.0,0.0006265664160401002,0.0,0.00020955574182732607,0.4785145888594164,0.0,0.3107173725151253,0.31208638105189834,0.4200410322859303,1.0,0.5107662194170286,0.0,0.1511627906976744,0.18032786885245902,0.08333333333333334,0.053687198769535094,0.08686619489709796,0.03790750568612586,0.01931468079669442,0.17204301075268816,0.4764279782681142,0.13846153846153847,0.9999999999999999,0.5951417004048583,0.19791666666666669,0.3782388517772738,0.10629424886044028,0.22448979591836735,0.12280701754385966,0,0,0.6493888449691037,0,1
wallse,0.924746167628907,0.6413586413586414,0.7585812830306782,0.22589899786923923,0.17118786104562161,0.7690156722162966,0.6734693877551021,0.21582075903063513,0.2491280518186345,0.28058114614935015,0.24305354080551078,0.2459720906487866,0.1549006331817985,0.32355796063966624,0.1412214949558237,0.21208526721387994,0.828712882564475,0.7990515766630188,0.7006819793455707,0.7754924564960217,0.7962368844689227,0.6666666666666666,0.0,0.0,0.0,0.0,0.3768173854685343,0.6951865465020799,0.6996838479295362,0.8908674003858924,0.8394892660989025,0.14199134199134197,0.4832843344374886,0.594285714285714,0.7936447250703178,0.704742227895274,0.04938271604938271,0.05120101137800253,0.05075187969924812,0.050462573591253154,0.05071248952221291,0.3459138562586838,0.47957874242223103,0.30289061749735907,0.24025697588915984,0.3502817208069801,0.4523809523809524,0.2629445365763774,0.5617283950617284,0.24857033930613798,0.23407686105885517,0.08333333333333334,0.0442621883746664,0.08686619489709796,0.03790750568612586,0.024103771731940372,0.2114695340501792,0.3330646151956268,0.13846153846153847,0.23125217997907216,0.2170803743280016,0.12152777777777779,0.3437437437437437,0.28131888394391213,0.2753429240548678,0.22346850733390855,0,0,0.33492670724253704,1,0
gunter-seeger,0.15210033844316145,0.5912087912087912,0.6175497028388693,0.3115732717119199,0.03829761599975902,0.7689695087213837,0.9464285714285712,0.4907407407407405,0.6928251121076232,0.5844266090446055,0.6689214795375733,0.6183294861930408,0.24632649321913785,0.8184134533718364,0.21387110836867654,0.31097127211454556,0.2000290860125169,0.6211451961105676,0.12854103282064633,0.6307523402825821,0.5818379292504132,0.9999999999999999,1.0,1.0,1.0,1.0,0.21320071635561041,0.7070583963647697,0.5329662689774393,0.8038138114429653,0.7666305984670535,0.04545454545454545,0.4999315758699198,0.4081128747795413,0.6461166434664668,0.5877224745059526,0.01728395061728395,0.017699115044247787,0.017543859649122806,0.017661900756938603,0.01760268231349539,0.30935013262599464,0.4914234511008704,0.34413199160390173,0.39587797163554744,0.4117265954000648,0.375,0.01385927505330492,0.5178571428571429,0.3054968287526427,0.12314144109797942,0.08333333333333334,0.02987697715289982,0.08686619489709796,0.03790750568612586,0.01931468079669442,0.17204301075268816,0.08662046908315565,0.2596153846153846,0.22823984526112184,0.1700404858299595,0.09765625000000001,0.10830115830115832,0.33644027875916144,0.5064935064935064,0.2146062831497348,0,0,0.5778708133895911,0,1
sushi-ginza-onodera,0.160063706948039,0.6965034965034965,0.5398272868807474,0.2574112925294171,0.18365084863179768,0.7704461378778066,0.9571428571428573,0.4200779727095516,0.4329078992756119,0.747789942040864,0.585116281880087,0.816450561872466,0.16556779337660732,0.3786737799858268,0.18685381741982524,0.27912801181448427,0.07986289014971204,0.6783044078996491,0.49971179257405507,0.7065808785781467,0.617523379334022,0.9999999999999999,1.0,1.0,1.0,1.0,0.19069251784911848,0.8793443396937223,0.8782103604631031,0.40392970660392347,0.8522174230955598,0.03636363636363637,0.7732464677513884,0.8245614035087717,0.16315920787713167,0.7262745362276363,0.02222222222222222,0.02402022756005057,0.02443609022556391,0.02354920100925147,0.023889354568315174,0.20403183023872679,0.5062881217380368,0.41237284755002995,0.4323643356540701,0.44998492007640495,0.65,0.3715632364493323,0.5256410256410257,0.44386527666399356,0.32871678914641045,0.08333333333333334,0.06054019054666543,0.08686619489709796,0.03790750568612586,0.02938828586738418,0.25483870967741934,0.3855066771406127,0.19644970414201185,0.44240645634629494,0.3459444366885383,0.278125,0.23698435277382646,0.07324763943908545,0.35819845179451093,0.17574107683000606,1,0,0.8036374860922635,0,0
the-breslin,0.670117459685447,0.6502316195110046,0.7465165178320232,0.20991961458497027,0.15878608187459362,0.7691221472295382,0.3310104529616724,0.08769063180827885,0.1155923019431988,0.0,0.0,0.28173730320245255,0.1358228863872975,0.3198514240134167,0.10687814308585643,0.1920372328516622,0.6577199982237767,0.8262559674491188,0.7148391208721971,0.9019591928978952,0.8560473822260134,0.6666666666666666,0.0,0.0,0.0,0.0,0.6693028223743264,0.7140963848732496,0.7045817424860723,0.8819839163965955,0.8687767444069169,0.4479662680382391,0.5099336468890442,0.6001767902707361,0.7778956287822766,0.7547730316222814,0.30123456790123454,0.3008849557522124,0.3007518796992481,0.3010933557611438,0.30092204526404026,0.40303206745595305,0.482889571599249,0.27658635839815615,0.21077249188541736,0.3364997366586876,0.524390243902439,0.2615702997616957,0.4979166666666667,0.19135842456435836,0.19514808819170523,0.12804878048780488,0.0812829525483304,0.15488875949490358,0.1519467985580365,0.09570034817555474,0.2124311565696302,0.2536451147623228,0.15966346153846156,0.20500207431991938,0.1868908121378658,0.24356368563685638,0.23520327049738815,0.20564061843338827,0.2849752714456256,0.18136788424468683,0,0,0.3574050165405813,1,1
agern,0.16504081226358752,0.5493275954814416,0.8891723178450983,0.2181861104920824,0.2563132908168463,0.7735512913816779,0.5714285714285714,0.24152876280535862,0.3987214960404537,0.6342954159592531,0.4075994765666655,0.20131657690005983,0.12041873686103599,0.37583242621545593,0.41178950919210733,0.22367133730445962,0.7325910362244743,0.8175382261204378,0.5663947550213485,0.5361316315068105,0.7538657552342001,0.6666666666666666,0.0,0.0,1.0,0.0,0.6298366572977736,0.7835865317999947,0.6841442758777025,0.5669846801460038,0.80691909546839,0.396694214876033,0.614007852818344,0.5757543720540945,0.32147162752026626,0.6511184266315247,0.027160493827160494,0.029709228824273074,0.02944862155388471,0.028595458368376788,0.029128248113998324,0.30039787798408485,0.3393197590177686,0.39226539656852827,0.5178086281534557,0.41172889284048647,0.33333333333333337,0.587170530327088,0.5319148936170213,0.2724252491694352,0.3256598069991862,0.15972222222222224,0.02987697715289982,0.08686619489709796,0.07039965341709087,0.03588969055839672,0.17204301075268816,0.43811527469037786,0.2346972176759411,0.2145896656534954,0.27857696614695493,0.06423611111111113,0.4002300172512938,0.2159808673653627,0.26880466472303205,0.22234664675874083,0,0,0.45740269422762947,1,0
ai-fiori,0.5558431216404539,0.6431753207898412,0.7448473754534266,0.21205675168704885,0.15740399190465515,0.7694033032279004,0.5809523809523809,0.3574074074074076,0.4517841944130385,0.4920769666100737,0.4322899113588372,0.3055270197780445,0.14266134473210482,0.4653939093732845,0.24551522591264835,0.23013063674758807,0.602298564171332,0.7700487631280515,0.5055665921149514,0.6696597108093145,0.7432326604142885,0.6666666666666666,0.0,0.0,0.0,0.0,0.6702660748198164,0.7274537464514881,0.5832652340725506,0.662328520629859,0.7813481295837446,0.44925661105436376,0.529188953226306,0.4613443214009785,0.4386790692397375,0.610504899604016,0.21975308641975308,0.22123893805309736,0.22117794486215536,0.2211942809083263,0.22108130762782902,0.3237430002947244,0.3895596518177163,0.29656775728965945,0.4603025494700869,0.3698937069083614,0.4777777777777778,0.34754797441364604,0.5439093484419264,0.17045454545454544,0.24003908370426663,0.13425925925925927,0.0431935726839066,0.07194760264317002,0.06806120339099869,0.03147543772214394,0.17204301075268816,0.27591506751954514,0.1865112224885596,0.14248871695680204,0.17486661125559697,0.1800925925925926,0.22911196911196913,0.06613278868547931,0.21861471861471862,0.12280701754385966,0,0,0.5955746989412867,0,0
aldea,0.6705156281106909,0.6252330463246282,0.7324693304178734,0.21442273013076463,0.1311769807146916,0.7689390906371252,0.6079027355623099,0.3409890337264634,0.372073433590169,0.31878557874762814,0.3436218194772924,0.32911696739382673,0.15087606619641178,0.38094763173555146,0.1667297408063276,0.21444777480864596,0.5405073702710258,0.7874753660481837,0.6389309648882555,0.8041840116594736,0.7993688447469824,0.9999999999999999,0.0,0.0,0.0,0.0,0.7093925167569167,0.6723655762157769,0.5555643548785245,0.6830173486249639,0.761430460320339,0.5032377428307124,0.4520754680799736,0.4317144611067264,0.46651269852267546,0.5797763459036434,0.11358024691358025,0.11314791403286979,0.11340852130325814,0.11354079058031959,0.1133696563285834,0.24555561826288164,0.4783744818886285,0.36759909653944045,0.6374267807668754,0.4755068036159478,0.43617021276595747,0.3246060201784374,0.6187845303867403,0.051299589603283166,0.23768982278175288,0.08333333333333334,0.02987697715289982,0.09268527010774609,0.054631405253534326,0.02577069288619725,0.08396247998169755,0.3529211484477056,0.22592435189120272,0.1736545682102628,0.21701299572773838,0.24911347517730498,0.18109617997886154,0.24158451174013051,0.27010804321728693,0.16642434816322574,0,0,0.6228098030232098,0,0
aquavit,0.9631694206649413,0.6424908424908425,0.7404251112818679,0.2118878953340002,0.17048259399596963,0.7687738648687251,0.6883116883116882,0.49052540913005993,0.3742204609448323,0.3528684315328343,0.42498366251592135,0.39939298390013533,0.19437825481671372,0.4460060274182313,0.16497336305607072,0.2307327526620878,0.4604531320688903,0.6687333629541352,0.5608969599462308,0.799122641747638,0.7434277877304862,0.9999999999999999,1.0,0.0,0.0,0.0,0.64043909026858,0.7285932738682168,0.5552905831378858,0.6638644184682276,0.7762284186894112,0.4101622283440464,0.5308481587260064,0.43142546651349045,0.440715966108158,0.6025305579810637,0.13333333333333333,0.13590391908975982,0.13471177944862156,0.13540790580319595,0.13516345347862532,0.4781769954183746,0.4440415659470423,0.4044461417860948,0.42608383632933083,0.45042455047817315,0.4636363636363636,0.23984727525164876,0.48372093023255813,0.1406833189778926,0.158790888590468,0.1,0.02987697715289982,0.08196734553371511,0.04492741414651953,0.021120767640898458,0.1268817204301075,0.26991206756913105,0.07534883720930234,0.14158129760966637,0.12470511673310014,0.13958333333333334,0.25078566939032054,0.15425025881142962,0.25799949609473416,0.15805743105832587,1,0,0.7629858493550173,0,0
atera,0.4586900258809476,0.7195046439628483,0.7210561701576752,0.20049023301581953,0.09742001514042507,0.7678517662916821,0.642857142857143,0.7001105583195133,0.6082407226879831,0.5100036619061887,0.642938282896059,0.3957996256796054,0.36807581752620944,0.6804152466070013,0.1992779851626699,0.29226109610501144,0.4686599199713244,0.4471179004089234,0.22747235935906374,0.6844397072036535,0.595700170392579,0.9999999999999999,1.0,1.0,1.0,1.0,0.7239227659930269,0.6720261730296895,0.6331680213851321,0.7505911971237463,0.800404275122648,0.5240641711229947,0.45161917723693024,0.5166646368692402,0.5633871451996586,0.6406470036346116,0.04197530864197531,0.042351453855878636,0.043233082706766915,0.04205214465937763,0.042539815590947196,0.41765399351606247,0.4699174379001052,0.4943381809527389,0.8004923398207149,0.5968032741551905,0.8055555555555556,0.376253063042994,0.5217391304347826,0.25102599179206564,0.3042782886845262,0.08333333333333334,0.02987697715289982,0.10213072552213148,0.06020603844267048,0.030715053364499416,0.3100358422939068,0.27668560184153856,0.05652173913043479,0.31831455986649976,0.21358743951811987,0.4652777777777778,0.1945945945945946,0.10629424886044028,0.27010804321728693,0.16131792896876337,1,0,0.8895363199359805,0,0
aureole,0.9128011148715908,0.6449784429118528,0.7385077182802589,0.2088729829613042,0.17458444382954802,0.7693342228035716,0.5649350649350648,0.19814082857561077,0.1920224738706353,0.38091894150170225,0.22716767007008265,0.2820572535837538,0.12668222793566133,0.37234665700502745,0.2091418187395239,0.21151234049892642,0.602519521726659,0.8304980392384169,0.6442581092925828,0.7388752597623945,0.8047793791051447,0.6666666666666666,0.0,0.0,0.0,0.0,0.6975876453838323,0.7429938091513564,0.6474046650642242,0.6779922789387117,0.8125883141396425,0.4866285229921594,0.5520398004372422,0.5329048545488234,0.45967353030050784,0.6602997682763064,0.16049382716049382,0.1599241466498104,0.16102756892230574,0.15979814970563497,0.16031014249790446,0.3019210674383088,0.4031785834029873,0.3549902639659121,0.46987051717147404,0.40423714031462216,0.5454545454545454,0.22718423691817594,0.4708171206225681,0.09783270424936077,0.14826768119349393,0.11111111111111112,0.043693602950881164,0.07866967650700214,0.025999388716662238,0.020838198643109037,0.15949820788530464,0.2682290130375789,0.13846153846153847,0.20842152166648098,0.1783540689050879,0.22222222222222224,0.20414485631876939,0.0009822912102861597,0.22448979591836735,0.10450833733616964,0,0,0.5522767582188661,0,1
babbo,0.9560023890105515,0.6443903737571396,0.7443371374472462,0.21314707407347397,0.15960754041628986,0.7695147636014991,0.4672454617205999,0.1302863146834774,0.303564107900828,0.5236428048433455,0.27629306312917423,0.24381189460219566,0.10272185410375839,0.3169471690849495,0.23415566060431198,0.19834519010405519,0.6270740240449474,0.8489717530882251,0.650404843479816,0.6516648014301807,0.795969455342636,0.6666666666666666,0.0,0.0,1.0,0.0,0.8303630305058983,0.8442968621723578,0.7513375375914519,0.7052195962794187,0.9075746829401287,0.6895027624309394,0.7128371914740893,0.6576249998820851,0.4973346789765062,0.8236918051138751,0.4444444444444444,0.4456384323640961,0.44548872180451127,0.44575273338940286,0.44551550712489524,0.28370825212128314,0.47939534134912765,0.41928541124957,0.5062820920127673,0.4714376441589883,0.5,0.2844289192336191,0.6511954992967651,0.3206105198616038,0.3151423641069888,0.07320441988950277,0.028224208204016,0.0898289307990032,0.031482504722375716,0.017118180442934998,0.18576605477336183,0.3185094033379203,0.2736449204803635,0.26914292583243177,0.27431813339015554,0.18905386740331492,0.2460034502587694,0.40357429648207954,0.32964372189553787,0.23781493206700963,0,0,0.5164327925749199,0,0
blue-hill,0.9155882938482979,0.6585139407057216,0.7454563406558179,0.212707811985204,0.16255640163706767,0.7693143477507369,0.6947162426614479,0.5458398539384453,0.48446172661419284,0.6098011836948412,0.5720604739537665,0.4552337928252665,0.20051778547581373,0.450104006228924,0.18265690952326463,0.24778529710791483,0.429434062274405,0.6580709989837499,0.506750440282691,0.7158673342401796,0.6953815544541642,0.9999999999999999,1.0,1.0,1.0,1.0,0.6550460856236402,0.6890511717714322,0.5636118611098664,0.5702426680015753,0.7376758300725845,0.4290853742908534,0.47479151731958386,0.44024303182197955,0.3251767004095549,0.5441656302732767,0.17777777777777778,0.179519595448799,0.17919799498746866,0.17914213624894867,0.1791701592623638,0.2631590421859671,0.4160650882595453,0.39645725924896197,0.42122228479517126,0.41286850907501965,0.6712328767123288,0.6531427370191296,0.7867132867132867,0.6787111497500542,0.6336821164183102,0.08333333333333334,0.04628827446223916,0.13842401512011326,0.06447818724182156,0.05067568234698647,0.37619678892325814,0.542890739962161,0.427084454007531,0.4106184132034201,0.491470575730233,0.29680365296803657,0.4668443090978302,0.47581542693558976,0.44917032233454124,0.3776740567872423,0,0,0.5877579946249993,0,0
b√¢tard,0.3053951821620545,0.6802366863905326,0.7607181248548244,0.21198144705800728,0.1332626449016881,0.7692447922472135,0.5714285714285714,0.2857142857142856,0.34803697263658817,0.3410728215482033,0.31369860979528585,0.20131657690005977,0.14055839150050964,0.39927735476810555,0.17437091688149597,0.2164118365334845,0.7821752195566869,0.7928609946816765,0.6081965072521557,0.746222621086623,0.7870219427473573,0.6666666666666666,0.0,0.0,0.0,0.0,0.5504818825631803,0.7410117866025907,0.6249679666353554,0.7808703213614262,0.8134532883994373,0.30303030303030304,0.5490984678839634,0.5074028433170026,0.6097584587830971,0.6617062524078581,0.059259259259259255,0.06194690265486726,0.06140350877192982,0.061396131202691336,0.06139983235540654,0.26177188328912465,0.48153634213542046,0.3618127458416383,0.5623094358726544,0.4560469546979405,0.6799999999999999,0.35272616509290283,0.4387755102040816,0.23145820238843495,0.22756321200333426,0.08333333333333334,0.02987697715289982,0.07611871925294171,0.03790750568612586,0.015353534396016413,0.20516129032258063,0.3447494669509595,0.04615384615384617,0.20241518113858536,0.1743635490290263,0.13375,0.2849972421400993,0.0010846351924534703,0.28736900165471596,0.14362176628010706,0,0,0.5167995127330167,0,0
carbone,0.39179773043997607,0.6475131981105863,0.7484061517617387,0.2077930148482967,0.14657940622192997,0.7686234849696387,0.5642857142857143,0.4353044031155622,0.31738913801694046,0.20694744559345546,0.3163084141384105,0.2612058473137834,0.17299392269781408,0.31870053693746425,0.13235329168423093,0.2028820118077982,0.5809470995339504,0.693213458959291,0.6134987950448925,0.8111068129065981,0.7724368672063375,0.9999999999999999,1.0,0.0,0.0,0.0,0.8270590715030708,0.7747540550436568,0.8421764671196275,0.8822953563488093,0.9417543740703256,0.6840267077555215,0.6002438458065895,0.7755069600563164,0.7784450958346724,0.8869013010805906,0.145679012345679,0.1472819216182048,0.14661654135338345,0.14718250630782168,0.14689857502095557,0.4663660477453581,0.46117853974700157,0.31857921680739315,0.4483251181265811,0.4184601971927428,0.3833333333333333,0.23451412465569152,0.5021367521367521,0.08364164904862578,0.14185108317981485,0.08333333333333334,0.03487784457334228,0.09136727444037708,0.031445999035081676,0.02097689728062047,0.07544802867383511,0.1708170520786625,0.16745562130177516,0.1593326885880077,0.12468829366336291,0.1043402777777778,0.139287785639717,0.21644961359828974,0.16280148423005567,0.10159466946170548,0,0,0.6717555152622168,0,0
casa-enrique,0.4636671311964961,0.6504006115342148,0.7363631383093323,0.2130873910071398,0.16189874659367132,0.7692677083706021,0.5881261595547311,0.4497265722097934,0.4264708073238679,0.477177890963969,0.4539690436049586,0.2773020443309753,0.17434132188328416,0.47081965673579695,0.2571897020979557,0.24168916724183118,0.565747208885854,0.742351690636467,0.5008366938517883,0.6759415642833987,0.728565793284389,0.9999999999999999,0.0,0.0,0.0,0.0,0.7729986255090218,0.6331560329598711,0.5986994057297839,0.6426491095372684,0.7546685056577506,0.5975268750388368,0.40088656207348145,0.4781872066656119,0.412997877989044,0.5695245534317022,0.18765432098765433,0.1883691529709229,0.18859649122807015,0.18839360807401176,0.18839061190276615,0.22238451203968446,0.3051746810677315,0.27122642186661,0.21252972466254716,0.2516276951031985,0.40909090909090906,0.13102273865571473,0.5199335548172758,0.28697674418604646,0.16668182893324357,0.059523809523809534,0.03378705134405114,0.07636866054699185,0.03285317159464241,0.012830007166283696,0.0,0.0,0.21359570661896243,0.28851063829787227,0.12333125137611381,0.0,0.0,0.2133389139296129,0.37614512471655326,0.10138832096890396,0,0,0.6391681950434766,0,0
casa-mono,0.9189727254628708,0.6440696211761052,0.7393125896219678,0.21142620363979792,0.16291807739822214,0.7693404737537828,0.5108695652173914,0.11698918019142734,0.19569806512859556,0.29532759828579724,0.1628278192241579,0.24960714668950867,0.11546941536909124,0.32454240581547983,0.18977137029600002,0.2006980592016379,0.6120047680595003,0.8340501639957255,0.6890061445135215,0.7758529574738323,0.8192325223147986,0.6666666666666666,0.0,0.0,0.0,0.0,0.8270237032318579,0.7958455698408836,0.7152331200954032,0.6755816090841337,0.8607734920372695,0.6839682057073363,0.6333701710353608,0.6130710991855381,0.4564105105327071,0.7409310045940353,0.22469135802469137,0.22503160556257903,0.224937343358396,0.22539949537426407,0.22506286672254822,0.22252912005535697,0.43350046313076396,0.3712620045598669,0.3680877196238475,0.38839575483229233,0.7663043478260869,0.5073788361562972,0.6253481894150418,0.343650038903778,0.42485830946431835,0.09329710144927537,0.05606129420825023,0.09860160005729086,0.06327312287386806,0.039948719435913965,0.3250350631136044,0.41435728660070437,0.2487036640239983,0.27564660286324444,0.31937901660069534,0.6948596014492754,0.43666869116307316,0.3863159364920876,0.4147636749867233,0.37389943259636077,0,0,0.38545467919059884,1,0
caviar-russe,0.8799522197889708,0.5846153846153846,0.7658321628715331,0.17327899823567067,0.0,0.7624961202942854,0.8714285714285714,0.6759259259259256,0.48804185351270535,0.3687242299296627,0.5762301479841345,0.5183812035169003,0.2967024116748457,0.5059715131318738,0.227782915254983,0.2872958224667812,0.3048649490508696,0.5285650609850491,0.3404527822452511,0.7427496071457083,0.6214491029218892,0.9999999999999999,1.0,1.0,0.0,1.0,0.4070092943122623,0.6411355950739459,0.8779611625790313,0.6430154345958178,0.8050009150170702,0.16565656565656575,0.4110548512708228,0.8242176870748297,0.41346884912844845,0.6480264731783201,0.02222222222222222,0.022756005056890016,0.022556390977443608,0.022708158116063918,0.022632020117351218,0.25384615384615383,0.2862239479622992,0.35416066455392303,0.2464933959186833,0.29794740406985304,0.7,0.357379767827529,0.3472222222222222,0.2724252491694352,0.19523099850968703,0.08333333333333334,0.02987697715289982,0.08686619489709796,0.03790750568612586,0.01931468079669442,0.33763440860215055,0.3590899668325041,0.01282051282051283,0.22036474164133735,0.19322782480677217,0.278125,0.216966966966967,0.07049375532063921,0.141399416909621,0.10685805422647529,0,0,0.8449911598999934,0,0
chefs-table-at-brooklyn-fare,0.6500099542106311,0.6810810810810811,0.7551501076906946,0.21292384269850823,0.15006828963552005,0.7694937160824782,0.6666666666666667,0.6435185185185186,0.5860763922017616,0.6837460358138192,0.6702929213470581,0.339526288602297,0.2999210242010708,0.5686987671690313,0.366512320005853,0.29777894717482445,0.508136525447223,0.5158836455290832,0.2859543379213817,0.472204441449545,0.5717030103149109,0.9999999999999999,1.0,1.0,1.0,1.0,0.6929869264501894,0.7069312161503465,0.7628318583109925,0.7117081778885643,0.8310898815553139,0.48023088023088023,0.49975174436780806,0.6720837554880102,0.5065285304734602,0.6907103912236257,0.08641975308641976,0.08849557522123895,0.08834586466165413,0.08830950378469302,0.08822296730930428,0.41024167403477746,0.5333418672128349,0.4641375040610039,0.5896366980730461,0.5482994728905859,0.6944444444444444,0.3869936034115139,0.6453900709219857,0.4794866169372532,0.41479672906251214,0.08333333333333334,0.021554104946020586,0.09433607158594415,0.03790750568612586,0.01931468079669442,0.2640382317801672,0.45660536602700774,0.3950900163666121,0.35166599759132877,0.41123266431217154,0.5321180555555556,0.2923938223938224,0.41707300129105385,0.4293415479399307,0.31773879142300193,0,1,0.9232895742868426,0,0
contra,0.3515827194903444,0.6920210224558051,0.7068478630395514,0.2284206360887605,0.0831480384817368,0.7699488607202329,0.5714285714285714,0.2965221318879854,0.36344481063266487,0.4775648799417902,0.3670481864377084,0.20504466165746832,0.15046776284393207,0.3425202174987644,0.23249599056473813,0.22122752949116026,0.7722024365681744,0.7574088488610884,0.6023033977467953,0.6920552311120369,0.7614655219652031,0.6666666666666666,0.0,0.0,0.0,0.0,0.5582905262390825,0.7602530691576801,0.7196018820839192,0.6624343900988781,0.813302419955962,0.3116883116883117,0.5779847291636723,0.6183927347018737,0.43881932118567246,0.6614608263062238,0.05185185185185185,0.05183312262958281,0.05200501253132832,0.05214465937762826,0.051969823973176864,0.3721003134796238,0.4791429903546347,0.36340348429153085,0.44697783650529505,0.43729705215419495,0.36363636363636365,0.48125227520931924,0.7771084337349398,0.6227390180878553,0.5081967213114754,0.08333333333333334,0.02987697715289982,0.08686619489709796,0.03790750568612586,0.01931468079669442,0.2096774193548387,0.2880870040043684,0.23382761816496755,0.33265788584937517,0.277165991902834,0.08854166666666669,0.25352669742913647,0.33921312249288094,0.3968253968253968,0.23508771929824562,0,0,0.41471389212911713,1,0
del-posto,0.23750746565797332,0.6429217133670575,0.7492175515678097,0.20858449810753887,0.1986216817135551,0.7695054054645041,0.6616541353383458,0.4508744855967075,0.4984899789512216,0.5526549430694225,0.518493270700966,0.397169371784329,0.16291841512245903,0.49970072349496947,0.2469095368319794,0.2467864719705582,0.41125919605186356,0.7295969570952774,0.380520250910066,0.6212998492788155,0.6775160263123091,0.9999999999999999,1.0,1.0,1.0,1.0,0.8193950514590743,0.700842866236131,0.7504375757417998,0.7307152756377744,0.8428980936312889,0.671408250355619,0.49118072315407546,0.6564985289614864,0.5339448140503885,0.710477196247261,0.09135802469135802,0.09102402022756007,0.09210526315789473,0.09083263246425567,0.09136630343671416,0.2226022616222253,0.4122320124784282,0.3665237918849476,0.29787274836309957,0.36011081971383896,0.9078947368421053,0.8445273631840795,0.9183673469387755,0.828675058672925,0.8446740025451006,0.08333333333333334,0.02987697715289982,0.10119616242263962,0.03790750568612586,0.024650471610393104,0.520656479909451,0.6686057559425096,0.5538461538461539,0.517860628537966,0.6446397870334424,0.40899122807017546,0.5301801801801802,0.6060399137833776,0.509080696498783,0.4572618761515661,0,0,0.4748938282830757,1,0
gabriel-kreuther,0.2273541708142544,0.5545562130177515,0.7355045052358147,0.20913587059131913,0.19931520314673898,0.769722519821035,0.5885714285714285,0.6926307751050018,0.7053628626338426,0.6910714701025653,0.7286794075415437,0.2719857118530036,0.22160357558267302,0.8722028513471676,0.3168680794570893,0.31469221634177424,0.5236315175815346,0.6046026760348926,0.13523730075824403,0.549856954486382,0.5699954156017109,0.9999999999999999,1.0,1.0,1.0,1.0,0.9451631252505215,0.562743811440944,0.4081450484566264,0.5982742384591038,0.6992936462777034,0.893333333333333,0.3166805973150807,0.2869786500756415,0.3579320644038205,0.48901160372436575,0.059259259259259255,0.06131479140328698,0.06140350877192982,0.060555088309503784,0.06098072087175189,0.2719787798408488,0.40313342940546126,0.35527313777715064,0.4293986948686997,0.39064844205193866,0.62,0.6153254346822588,0.7091836734693877,0.6046511627906976,0.5523974710457115,0.08333333333333334,0.02987697715289982,0.09761367054125421,0.03790750568612586,0.02330286573935658,0.20516129032258063,0.5319151664358619,0.33461538461538465,0.30224424366074026,0.38766909397410565,0.23000000000000004,0.31083867372527163,0.2641086693624205,0.37321778026279007,0.2455541584336267,0,0,0.7047267855838146,0,0
gotham-bar-and-grill,0.3165438980688831,0.6528993096372925,0.7447183437629791,0.21316956795216838,0.162774506408036,0.7694884502341737,0.6357142857142859,0.5454545454545454,0.5570353547989755,0.6342954159592531,0.6004146703355793,0.38403393948983566,0.22823082189816754,0.5717642579336166,0.28910485043055156,0.27587568328908607,0.4745018624562537,0.6330753818555169,0.40084142512772947,0.6069768317110615,0.6514719392345762,0.8333333333333334,1.0,1.0,1.0,1.0,0.6828292452144862,0.6761049743217892,0.4943926584055807,0.5812706136664978,0.7205849160014328,0.46625577812018487,0.4571179363026673,0.369009915643037,0.3378755263122269,0.519242621168792,0.145679012345679,0.14601769911504425,0.14598997493734334,0.14634146341463414,0.1460603520536463,0.301025641025641,0.4050722276528728,0.30982153786802485,0.2261883199814234,0.31851972344220747,0.65,0.5994055695548233,0.6909871244635193,0.5974086378737541,0.5391542953633998,0.1138888888888889,0.034921142126766024,0.09138659237833106,0.05740279432470487,0.031016779963218145,0.36523297491039425,0.5090133746850165,0.41508748761967645,0.36705167173252273,0.4564820767666939,0.278125,0.3758979758979759,0.42158443230967546,0.41947521865889215,0.322340185227016,0,0,0.5664107109659078,0,0
hirohisa,0.3679076249253434,0.6545454545454545,0.6139875673435559,0.20841611362387452,0.0880766953082226,0.77065334069805,0.9220779220779223,0.41832858499525116,0.550475773816034,0.7968307866440294,0.6449495834461665,0.3746725181195562,0.16093657244089657,0.33524682029855,0.5408930489489039,0.29181133959623784,0.386168379391648,0.7051320048364998,0.6158500319244626,0.4050228480921604,0.6266780992390213,0.9999999999999999,1.0,1.0,1.0,1.0,0.2439346884545225,0.8066493492665819,0.41992945392898334,0.42524673864767926,0.7060325080652177,0.05950413223140496,0.6506831726722001,0.2977468060394889,0.1808347887304876,0.4984819024448616,0.024691358024691357,0.02465233881163085,0.02568922305764411,0.024390243902439025,0.024937133277451805,0.23129973474801058,0.3877707318567533,0.26067204924426085,0.23067972186746133,0.2812701625317581,0.45454545454545453,0.46421737466513585,0.6707317073170732,0.20775193798449612,0.3564557648015174,0.0,0.0,0.11255528302215437,0.0,0.0,0.021505376344086002,0.4131426202321724,0.27636022514071296,0.27234042553191484,0.2859771807140228,0.125,0.1945945945945946,0.10629424886044028,0.2761904761904762,0.1300565463244889,0,0,0.7979340556913016,0,0
jean-georges,0.6910213020107506,0.6445740684089136,0.7486732411985666,0.2114440866420185,0.15602360456816702,0.7693016095191866,0.6423432682425487,0.5061158944922779,0.5581190603529849,0.5622898565198575,0.5643703678125966,0.3677261891144471,0.19126999074624595,0.5840739491295575,0.2235572013865398,0.25832426159596267,0.4877438676162042,0.6752134052232867,0.36429382072154803,0.6995099820649713,0.6771742890333451,0.9999999999999999,1.0,1.0,1.0,1.0,0.6909813239141845,0.7023288071314001,0.5605761498490993,0.5886062556833872,0.7494736360957842,0.4774551899981992,0.49326575332661543,0.4370182201320898,0.34645732422961695,0.5617107312026359,0.34074074074074073,0.3426042983565108,0.3414786967418546,0.3423044575273339,0.34199497066219614,0.25392057706619847,0.4775170063528592,0.3862702496967006,0.533361562435261,0.4581950049938959,0.5935251798561151,0.7700611334471552,0.9256880733944954,0.8814124487004105,0.7903164315669081,0.08333333333333334,0.04062607409905382,0.09459648930537182,0.049056772064398166,0.028611496247490112,0.3149996132126557,0.6098635053514714,0.5741707833450953,0.4530663329161452,0.57901178895832,0.2613908872901679,0.4056048668594794,0.48939237422579784,0.47348939575830334,0.36223668105392,1,0,0.7160552400951846,0,0
jewel-bako,0.9096157674696397,0.6709662430592663,0.7346606487054772,0.2198176572873755,0.1602951607316446,0.770695698167408,0.34219269102990024,0.017957351290684542,0.2642517655272414,0.47826146010186754,0.18411704923777839,0.16905466377422793,0.0909861587760802,0.29699179421970945,0.22452153634487979,0.18947274482019938,0.7461304919001089,0.8952634234771091,0.6946781541956007,0.7089036184953738,0.8322834957383113,0.6666666666666666,0.0,0.0,0.0,0.0,0.9244053870686814,0.8699630601292742,0.7478736552929688,0.6573225624455364,0.920426421892345,0.8545253196415985,0.7568357259894911,0.6532937567206374,0.4320729510999661,0.8471847981175451,0.1037037037037037,0.1042983565107459,0.10463659147869674,0.10428931875525652,0.10435875943000837,0.2294121275677009,0.4344520473552731,0.31626289340075253,0.30306559851387443,0.3448862973760933,0.7906976744186047,0.6381727725011307,0.7694610778443114,0.4092093023255814,0.5704918032786885,0.08333333333333334,0.036938808116312505,0.1057869005221395,0.047005307050796065,0.031000062678694543,0.4031007751937984,0.6602404643449419,0.6462920313219713,0.46961702127659566,0.6419028340080971,0.6455910852713178,0.6827190827190828,0.8471715283427905,0.5719183673469388,0.6070175438596491,0,0,0.18797377020367967,1,0
jungsik,0.500099542106311,0.6525864379522917,0.7575403654253364,0.2125747243728121,0.1611095083961566,0.7692495542392934,0.8775510204081631,0.7101449275362319,0.6457123992406939,0.7651896796459687,0.7774598063350444,1.0,0.393842092079711,0.7818960912952212,0.4988378130473194,0.38928613958634706,0.10710888287487919,0.45810030810784885,0.22018956206710116,0.4274609787497551,0.4978333609884916,0.9999999999999999,1.0,1.0,1.0,1.0,0.38337315535033084,0.5786948589733932,0.4393158132243113,0.4855177120800673,0.6183809085063754,0.1469749762432689,0.3348877398022355,0.31576445468742664,0.23572744874346307,0.38239494800517015,0.10123456790123457,0.10176991150442478,0.10213032581453634,0.10176619007569386,0.10184409052808047,0.29496021220159147,0.38077799297995646,0.36743534951296725,0.4723321399409585,0.40246379582277875,0.9523809523809523,0.930471864281079,0.9263803680981595,0.909550133434998,0.9059392636388067,0.08333333333333334,0.02987697715289982,0.08686619489709796,0.04722902347779615,0.021709226264317396,0.44802867383512535,0.7525184635827076,0.5685700802265219,0.4764562260202302,0.6535060065042808,0.3125,0.3546751720664764,0.4621028349615307,0.38976246236199397,0.31873741731377625,1,0,0.7968384444153329,0,0
junoon,0.5558431216404539,0.6458680420439831,0.7387384332217858,0.21349614243860218,0.1583786341251274,0.7694694785055892,0.4484126984126984,0.0,0.16924805733125536,0.27669188283080093,0.09145168376973478,0.2367975790815835,0.0885521738131943,0.2861886101362041,0.1511190969521906,0.18347924614825004,0.6670866282955411,0.8959114030390002,0.7075433549432488,0.7986070116806899,0.8526541778343426,0.6666666666666666,0.0,0.0,0.0,0.0,0.8163616817430605,0.8767002731478618,0.8158780619295714,0.7741559019002472,0.9428590231221675,0.6664463954183579,0.7686033689375354,0.7405280761537686,0.5993173604469851,0.8889831374828879,0.2641975308641975,0.26548672566371684,0.2650375939849624,0.2649285113540791,0.2650880134115675,0.330081540426368,0.35771604938271606,0.28809732515207054,0.39445230715418406,0.3376115282434243,0.8518518518518519,0.76545842217484,0.8215130023640662,0.7582425669708566,0.7379895713379999,0.08333333333333334,0.04097414009540547,0.09184611268966208,0.04510513334804849,0.026692980327554797,0.4403624054161688,0.7061300639658847,0.6330060010911075,0.524104497710746,0.679356700293019,0.5989583333333334,0.6222265122265123,0.7491797073198467,0.5999741668819426,0.5665960481313781,0,0,0.1753898060450798,1,0
kanoyama,0.9002588094764086,0.6629975066949857,0.748805588233686,0.20930208814573373,0.16962102196430856,0.7698589377957277,0.3828571428571428,0.1346888125238639,0.2596297573876045,0.3821429402051306,0.20338315968244158,0.21637904580946793,0.11798115914249041,0.4150050846658446,0.20653798233008258,0.20985979503311775,0.6970881282062158,0.8434214076351356,0.5928317538792729,0.7289553918624855,0.8010546002921756,0.6666666666666666,0.0,0.0,0.0,0.0,0.8454615276907607,0.7686035940753111,0.6351961744431542,0.6758458071472316,0.8355547301388395,0.7148051948051949,0.5907514848254857,0.5189657993781706,0.45676755503849303,0.6981517070573889,0.12098765432098765,0.12262958280657396,0.12218045112781954,0.12195121951219512,0.1221709974853311,0.2041909814323607,0.3796727389178337,0.265649447066906,0.2720873777400309,0.28922611779754637,0.52,0.4422218802892752,0.5641025641025641,0.19767441860465115,0.2980243799915931,0.065,0.02987697715289982,0.0922674903490329,0.053485932680424154,0.023309683149514974,0.33763440860215055,0.5381244550443658,0.27763313609467455,0.21917808219178078,0.3531610090314543,0.26208333333333333,0.4353859013652828,0.2649179740829435,0.3466592116298574,0.28624981256560206,0,0,0.4002234252434438,1,0
kyo-ya,0.8176388612383039,0.6468103731261626,0.7655388332676577,0.21049351621519463,0.16371897274259858,0.7699557281176825,0.5598455598455598,0.5403204623062781,0.5489040107874188,0.6810053472541768,0.5979056708518318,0.27382322143700827,0.27326836019717604,0.5475561035032199,0.2521580564840663,0.2876666550166624,0.5555402549594555,0.5904473030995713,0.44623029166583694,0.6220840942420218,0.6380551120535654,0.9999999999999999,1.0,1.0,1.0,1.0,0.8817623134976781,0.6646976017435926,0.46084054476378916,0.5401218365386931,0.7270572757115717,0.7775047775047774,0.44182290176368366,0.3362112066337415,0.2917315983059307,0.5286122821651323,0.08888888888888889,0.08912768647281923,0.08959899749373433,0.08915054667788057,0.0892707460184409,0.2726073553659761,0.4402755535219502,0.3665314806196397,0.44068717395605356,0.4126575418774541,0.5810810810810811,0.7829998941462899,0.8986013986013985,0.7620082590741142,0.7491190439711966,0.1328828828828829,0.03814082189731892,0.09423159778610014,0.03790750568612586,0.030235598443423505,0.3063063063063063,0.7029568469708196,0.5338353953738568,0.5541857228077152,0.6348707858791478,0.24127252252252254,0.46877515813686027,0.7552094884070443,0.5941255006675568,0.47737333989178554,0,0,0.5369366204278068,0,0
l-appart,0.1660362333266972,0.6461538461538462,0.7736384951881016,0.17625649913344887,0.2713652853991577,0.7686373996013722,1.0,0.8753561253561251,0.877130044843049,0.9085738539898127,1.0,0.0,1.0,1.0,1.0,1.0,0.883220608395573,0.0,0.0,0.0,0.0,0.9999999999999999,1.0,1.0,1.0,1.0,0.0,0.49945273810515267,0.0,0.4316334330131294,0.4457483021841759,0.0,0.24945303760073423,0.0,0.18630742049469967,0.19869154890007537,0.014814814814814814,0.016434892541087234,0.015664160401002505,0.0159798149705635,0.015926236378876784,0.6257673361121636,0.5174156787060012,0.5589974070872947,0.5335500599868417,0.5963137391708819,1.0,0.8564867967853043,0.76,0.44825581395348835,0.6847414880201765,0.08333333333333334,0.02987697715289982,0.12899629942219049,0.03790750568612586,0.0342959396197715,0.29032258064516125,0.7220149253731343,0.1836923076923077,0.3936170212765957,0.44799127997508564,0.7708333333333335,0.5353430353430353,0.26095238095238094,0.14693877551020407,0.3139901034637877,0,0,0.9610603146049004,0,0
la-vara,0.4612781206450328,0.6653141730064808,0.7179316566011774,0.21798388046642325,0.13509215504212718,0.769306502563864,0.5873015873015874,0.2646011396011394,0.3265781303897892,0.3673465001826739,0.30748025388421185,0.27461249971546026,0.11856431294538661,0.3387015239610886,0.17201422144979847,0.20195468737820627,0.5914540402873083,0.8450632648313494,0.6564494993241194,0.7743977461707767,0.8172296803739125,0.9999999999999999,0.0,0.0,0.0,0.0,0.7381981745686892,0.6789685024152209,0.6493068615749085,0.717120605431525,0.7960231320101129,0.5449365449365449,0.4609982272719679,0.5350901525658802,0.514261962734477,0.6336528266951894,0.06419753086419754,0.06573957016434893,0.06516290726817042,0.0656013456686291,0.06538139145012573,0.2359170841929462,0.41470797720797714,0.325078119805864,0.3709278634347745,0.36070102897088474,0.5925925925925926,0.5838117106773824,0.6009615384615384,0.29084486311451274,0.40221363683825834,0.08333333333333334,0.018673110720562387,0.10712105284185397,0.09548852698150691,0.037921976787140474,0.17204301075268816,0.339785447761194,0.24718934911242604,0.18125504982493937,0.23502411098790582,0.19791666666666669,0.41143451143451143,0.4161062121856418,0.3128390596745027,0.29601072745558166,0,0,0.4666582338912444,1,1
le-bernardin,0.934700378260004,0.6466625686245416,0.7444045979181119,0.21145357041774737,0.15555247621955845,0.769255893100868,0.8025430067314883,0.6118089826030606,0.6911868460388639,0.6794360533453201,0.7202253983949918,0.7323377026365991,0.25899686481484896,0.7796285872076821,0.29742336786462636,0.3161321756567791,0.19828863268570174,0.5920213772234983,0.2177205362249348,0.5852664391373639,0.5814358601198855,0.9999999999999999,1.0,1.0,1.0,1.0,0.5989712031198895,0.6362451377947258,0.37113059074524507,0.569663170632386,0.6650501651165897,0.3587665021668879,0.4048078753674297,0.25406221204992896,0.324516127974943,0.4422917221216031,0.4691358024691358,0.4696586599241467,0.4699248120300752,0.4693019343986543,0.46961441743503773,0.2631744135986779,0.48384765175890954,0.3995442235666955,0.5055075806211866,0.4607742678839151,0.7198952879581152,0.4847431751069685,0.744,0.6310063651870034,0.544301762130636,0.0881326352530541,0.031445216868866296,0.0924835421671103,0.03790750568612586,0.02244050742585183,0.3671114113606936,0.4710925520446221,0.4339692307692307,0.4373691622578312,0.47820569978394317,0.2987020069808028,0.306245680404496,0.33999987068826165,0.35073564309444705,0.2612494231566433,0,1,1.0,0,0
masa,0.9173800517618953,0.6163313609467456,0.752792868416644,0.22050120857719707,0.24844264184401307,0.7706751993979054,0.6571428571428573,0.16081871345029208,0.4996532753917986,0.4582154310507449,0.37791869755045004,0.38677947336923996,0.08424578226474226,0.44592832309901625,0.19018523615160365,0.20239802244768654,0.4473763424963646,0.842555379197546,0.41898903646173513,0.6962465691297757,0.7509092263625389,0.9999999999999999,1.0,1.0,1.0,1.0,0.778498944161523,0.9999999999999999,0.8202241438746216,0.8049305124493797,1.0,0.6060606060606061,1.0,0.7462608411062013,0.647913129872021,0.9999999999999999,0.059259259259259255,0.06005056890012643,0.06077694235588972,0.05971404541631623,0.060142497904442586,0.25570291777188325,0.5489530277306168,0.33630790615616285,0.3943049051605885,0.4223112214073304,0.74,0.6779261586802827,0.7577319587628866,0.5166343669250646,0.597254523796018,0.08333333333333334,0.02987697715289982,0.0977244692592352,0.03790750568612586,0.023358065530950517,0.7350537634408602,0.9053875360041894,0.8612212529738301,0.7641843971631205,0.9687600689239735,0.5508333333333334,0.6015362731152205,0.757346523130637,0.655328798185941,0.572026953196139,0,1,0.5990128776451074,0,0
minetta-tavern,0.869400756520008,0.6451657925198138,0.7428667442186323,0.21173618276324865,0.15707047283194325,0.7692963088761606,0.5538847117794488,0.35185185185185164,0.42881082131821113,0.4453480475382001,0.4021500603484127,0.341273203120612,0.15225970406403008,0.41445268640887356,0.2132231954839585,0.22806026700507046,0.5248281748256862,0.7747057132005869,0.5907756253714694,0.7256844111903817,0.761997932012858,0.6666666666666666,0.0,0.0,0.0,0.0,0.74677696101477,0.684629329172684,0.5142937368142388,0.6485464858340019,0.7533109815891013,0.5576758295024553,0.46871731836343933,0.38899770393017086,0.42061254428763306,0.5674774349827352,0.41975308641975306,0.41908975979772445,0.41917293233082703,0.41968040370058873,0.41932103939647947,0.2630431073262289,0.38507580221685217,0.33161053856876904,0.426332288401254,0.3706154406226747,0.5672514619883041,0.32689493707930933,0.5478325859491778,0.22925581395348837,0.26135387083309464,0.7587719298245614,1.0,1.0,1.0,0.9999999999999999,0.40445199019053,0.4985367281240854,0.3125560538116592,0.3289361702127659,0.40434489965456677,0.38553849902534115,0.3780278015572133,0.37407551892496127,0.42612244897959184,0.3242592251972918,0,0,0.45585292484232354,1,1
nix,0.1761895281704161,0.6527520866230544,0.714621763011331,0.208773597212128,0.16681243302042653,0.7699389971730397,0.53125,0.289127837514934,0.4347982062780269,0.520174836542282,0.4003083932013318,0.19177876396861027,0.1305217153760833,0.3917454962678925,0.20673884008819346,0.21258522741246771,0.6828787121875042,0.7992399020996778,0.5743505346031201,0.7172002641653906,0.7765428607782976,0.9999999999999999,0.0,0.0,0.0,0.0,0.8011630109334658,0.7560946990912333,0.6076364034106776,0.6178327696025957,0.8024401039340486,0.6418621700879765,0.5716791939938627,0.48804915514592917,0.3817173311948141,0.6439101204016866,0.07654320987654321,0.07838179519595449,0.07832080200501253,0.07821698906644238,0.07816429170159261,0.23161472148541112,0.4260319112036073,0.30726707000864306,0.40092454668145555,0.36333009394233884,0.921875,0.8194511314395763,0.896,0.8916378030677883,0.8404371584699454,0.140625,0.09565451556210668,0.13742232032720897,0.05000564579871922,0.06917231015989495,0.3272849462365591,0.6375732225966939,0.5364923076923076,0.4323223177908555,0.5679352226720648,0.4986979166666667,0.6102877070619006,0.5805791872757249,0.5214937038645245,0.49239766081871345,0,0,0.32025168654275515,1,0
nomad,0.8996615568385428,0.6709760827407887,0.7270078281863545,0.20264265820555666,0.14469758756545492,0.7683892656528555,0.3265306122448979,0.2327069716775596,0.0,0.08573853989813252,0.034519866488309514,0.16661512948747398,0.12567928580022875,0.29736073822985776,0.16197394482981595,0.190382504736158,0.7300607970860913,0.7975053174118386,0.8157821176928379,0.8708181159932453,0.8653539308967243,0.6666666666666666,0.0,0.0,0.0,0.0,0.9732872166588523,0.7967577685993679,0.6652549439006665,0.6998937016432749,0.8782791149749942,0.9472880061115357,0.6348229418234439,0.553554560510335,0.4898511935999254,0.771374203801259,0.08395061728395062,0.08596713021491784,0.08583959899749373,0.08494533221194281,0.08549874266554904,0.20295566502463053,0.2772067608405369,0.3241424777141992,0.31605059687097103,0.292961040397576,0.7142857142857143,0.7036874451273045,0.8248175182481752,0.8169174646602826,0.7121151539384246,0.16190476190476194,0.14125659050966607,0.19449784879331972,0.12710163671230434,0.1276182201908419,0.4086021505376344,0.5244274948785483,0.2787759685569905,0.357947434292866,0.41265922780685294,0.79375,0.7098171701112878,0.9999999999999999,0.756702681072429,0.7175866495507061,0,0,0.03937045059140876,1,0
per-se,1.0,0.6469353023058767,0.7410978056451403,0.21190193275142616,0.15410557893872373,0.769310846731268,0.747695852534562,0.6705246913580241,0.6687080754549157,0.7575439221829301,0.7495926962049033,0.5704078805368376,0.3200442169365134,0.6918417411273117,0.3969874029204411,0.3343663461356822,0.3573884005484096,0.5258516388484975,0.2656606940680821,0.4930477529494224,0.5578017474213279,0.9999999999999999,1.0,1.0,1.0,1.0,0.5754889782394222,0.5989768677583482,0.41894236305206295,0.49392109620129115,0.6402391005839064,0.3311875640750542,0.3587732881096019,0.29683949277399246,0.24395804927268513,0.4099061059164894,0.3037037037037037,0.3034134007585335,0.3032581453634085,0.3036164844407065,0.3034367141659682,0.3386369470351673,0.5017249103942653,0.4344030586369708,0.47614862881262826,0.484829150050825,0.9112903225806452,0.8289800995024876,0.9049586776859504,0.8288256456379288,0.8321085358959864,0.08333333333333334,0.03230448154657293,0.09339462018507717,0.041049011682213636,0.023344122824970323,0.5192507804370448,0.8409307628524045,0.7622536554354735,0.6337134124838368,0.8288007817953371,0.5084005376344086,0.5368918918918919,0.588269488334291,0.5736836170932461,0.48336358136721114,0,1,0.8894774247496197,0,0
rebelle,0.238502886721083,0.6296703296703297,0.6840957607571783,0.2215587225998421,0.14380795558787302,0.7717074084982194,0.6857142857142857,0.08080808080808088,0.1700888993784906,0.6081736599563423,0.26272313768101707,0.3053355503479408,0.10204367189022845,0.2615395738740578,0.2311511330948203,0.19756120440322428,0.5176695703904133,0.8587185431758234,0.7797216991454524,0.6919184873649028,0.811687632384762,0.9999999999999999,0.0,0.0,1.0,0.0,0.6631944208351273,0.8200065700939276,0.741554336111693,0.528333751859966,0.8529121078492754,0.4398268398268398,0.6724107749972075,0.6454230815133067,0.2791365533544281,0.727459063715894,0.0345679012345679,0.0347661188369153,0.03571428571428571,0.034482758620689655,0.03499580888516345,0.4412732095490715,0.4208319756706853,0.36102139532062655,0.2814202967459673,0.37977546611769536,0.9,0.7829036635006783,0.956140350877193,0.878737541528239,0.8544960713939276,0.14444444444444446,0.07224796293337593,0.1238224269366528,0.03790750568612586,0.05388681654225691,0.39283154121863795,0.4558231569425599,0.297165991902834,0.36474164133738596,0.3964257480296097,0.51875,0.6485503685503685,0.6941760375140157,0.5568513119533527,0.543236790200353,0,0,0.18146903967134187,1,1
rouge-tomate,0.7135178180370297,0.641045910611128,0.7467424283563302,0.21268996696691084,0.15513997647842398,0.7687065125646387,0.7047619047619047,0.48518518518518494,0.4310283326538933,0.35816998508000175,0.4502445163037425,0.4370517661843376,0.2095709559919278,0.4436035055304477,0.15745070600873226,0.2343664465370684,0.4871252852408201,0.7103792423160933,0.6719112697142591,0.8691985927623836,0.7932598054259442,0.6666666666666666,0.0,0.0,0.0,0.0,0.5113944996297937,0.580113098377124,0.32612976144739486,0.5351878649215228,0.617124364495893,0.26152433425160704,0.33653120690870686,0.21589486703772406,0.2864260507592581,0.3808424812544597,0.10864197530864197,0.11061946902654868,0.11027568922305764,0.11017661900756938,0.11022632020117351,0.20814618331859713,0.3677180406212664,0.41650379115266756,0.5372569301513921,0.4301150474619862,0.8222222222222222,0.8294243070362473,0.9460227272727273,0.9035412262156448,0.8602831594634873,0.22592592592592595,0.06982676374592016,0.09883497459172652,0.05513819008891034,0.05693806943192209,0.4296296296296296,0.7130135039090262,0.3697552447552448,0.33849129593810445,0.5081891792418107,0.4652777777777778,0.5535752895752897,0.7287346479047089,0.6357452071737786,0.5348219032429559,0,0,0.24959442213059302,1,1
sushi-inoue,0.21899263388413298,1.0,1.0,0.2154853448670187,0.2954416349151368,0.7823730122292248,0.0,0.4772998805256865,0.6544282511210762,0.8222269383135257,0.5669243910986514,0.16097007285190734,0.17769175820516317,0.815825624730031,0.7324933151620753,0.2624635021369962,1.0,0.7086073916303837,0.18126052266170245,0.19782674604719808,0.6485775418631494,0.0,1.0,1.0,1.0,1.0,1.0,0.690994557716487,0.47862557390573096,0.5841777060886664,0.8453584487323202,1.0,0.4774734787938036,0.3534562211981567,0.34126359229101627,0.7146309068431149,0.019753086419753086,0.019595448798988623,0.020050125313283207,0.019343986543313707,0.019698239731768652,0.18408488063660478,0.5079007206998882,0.31800993949870354,0.3546060864068527,0.37895475650577687,0.6666666666666666,0.5907558979297063,0.78125,0.4341085271317829,0.5474726775956285,0.08333333333333334,0.02987697715289982,0.08686619489709796,0.03790750568612586,0.01931468079669442,0.5400238948626045,0.9192946557534905,0.7745192307692308,0.8315602836879431,0.9405364372469636,0.7326388888888888,0.6102877070619006,0.5493253564154785,0.48299319727891155,0.49744152046783624,0,0,0.23482307801727864,1,0
sushi-yasuda,0.9390802309376867,0.6437706871441812,0.7423598990033797,0.21154946417833248,0.15849550762369902,0.7694606283825437,0.46621043627031655,0.3858072247902755,0.4944511005374319,0.6310546800406915,0.48654427251889043,0.22606548795996967,0.14532507948326018,0.5049103286085495,0.30195503994708894,0.23654591599791444,0.6289668077441445,0.7289816787049597,0.40763518422286327,0.5658066858967776,0.6922690773919795,0.6666666666666666,1.0,1.0,1.0,1.0,0.8989882736614431,0.8213362059362002,0.672342830040281,0.6647300469377687,0.874407256317617,0.8081799161807818,0.6745931631816724,0.5618426882857164,0.4418660353018882,0.7645880499009026,0.4098765432098765,0.41024020227560054,0.41040100250626566,0.41042893187552565,0.41031014249790443,0.24802172842643622,0.387342534144065,0.3195919956190991,0.40088542620098927,0.3571950840588908,0.6526946107784432,0.48485615067957594,0.6389312977099236,0.3820326247205973,0.41744730679156916,0.08333333333333334,0.040649261673359846,0.09812232969387841,0.049535574914998826,0.03004615395363331,0.6132895499323933,0.9101938305391377,0.8238285378743395,0.7354566418657268,0.9287160208212839,0.6878118762475051,0.6748594511306376,0.8421993557610228,0.6637869871875131,0.6330110991765127,0,0,0.4547440279800623,1,0
sushi-zo,0.1889309177782202,0.7252747252747254,0.5229274761707419,0.15408854576965494,0.12209397094480326,0.7685291858678954,0.9285714285714284,0.5787037037037033,0.7952167414050821,0.7333404074702887,0.7900239471993462,0.4227648114901249,0.25541007228624746,0.9438068856351414,0.25329067804057787,0.3537341909662227,0.34431186792151425,0.6067326495984179,0.022461522771722753,0.5649958406927176,0.5342701188497079,0.9999999999999999,1.0,1.0,1.0,1.0,0.24618298195866548,0.6793280101157877,0.29394218999620786,0.6202340864120491,0.6413487030390209,0.06060606060606061,0.4614865453278758,0.18984126984126978,0.38469032194738917,0.4113281588898342,0.01234567901234568,0.012642225031605564,0.013157894736842105,0.012615643397813289,0.01278290025146689,0.45278514588859414,0.39886499402628434,0.2532822982261185,1.0,0.5113301556450245,0.9166666666666667,0.6268656716417911,0.7619047619047619,0.6286337209302325,0.6357012750455374,0.08333333333333334,0.02987697715289982,0.08686619489709796,0.03790750568612586,0.01931468079669442,0.586021505376344,0.9212375621890547,1.0,0.7473404255319148,1.0,0.19791666666666669,0.557027027027027,0.2904110727794172,0.6122448979591837,0.4012809802283486,0,0,0.5444080122969646,0,1
tempura-matsui,0.22197889707346208,0.7450549450549451,0.6162029746281715,0.2606426422837108,0.24059577416002767,0.7695422932843201,0.625,0.5679012345679006,0.6050608584240869,0.5065890532783572,0.5860472101929961,0.363573956354112,0.3475672496581119,0.7636253240987514,0.1708765332844807,0.30851281838071365,0.45853173205344677,0.5661796141066455,0.18553872153584006,0.748304938512901,0.6158755759697548,0.9999999999999999,1.0,1.0,0.0,1.0,0.8790490729915326,0.5735981152294116,0.6252182678410407,0.631066108444088,0.7384964914024665,0.7727272727272727,0.3290147977947334,0.5076845553036028,0.3982444332267654,0.5453770678137532,0.01728395061728395,0.017067003792667512,0.017543859649122806,0.01682085786375105,0.01718357082984074,0.2049071618037135,0.35937430859772557,0.29853994320286453,0.35218818360580817,0.31887947922933346,0.9375,0.8894416804864567,0.8928571428571428,0.8383167220376522,0.8536299765807962,0.08333333333333334,0.02987697715289982,0.08686619489709796,0.03790750568612586,0.01931468079669442,0.3790322580645161,0.8387000184263864,0.6634615384615385,0.6149949341438703,0.7621457489878543,0.69921875,0.4928928928928929,0.5665863086578826,0.5568513119533527,0.4778613199665831,0,0,0.4862026007921021,1,0
uncle-boons,0.3862233724865618,0.6648256994464274,0.7314666446304408,0.21307081934074057,0.13701420159334948,0.7687694623956414,0.5428571428571427,0.4837261503928172,0.4752978309821203,0.25465922871695357,0.4111658673822003,0.31966836380103336,0.18685694127171878,0.5428086583132234,0.15816885429944824,0.23421142627983196,0.5509003743177017,0.69880748305254,0.4350305797783732,0.7775726647228136,0.7297187362307758,0.6666666666666666,1.0,0.0,0.0,0.0,0.7600719020943771,0.6673562103491316,0.569218916564572,0.7930303693821592,0.8088968874886755,0.5777092963533644,0.4453643114915544,0.4462236692812397,0.6288971667624038,0.6543141745888669,0.145679012345679,0.14601769911504425,0.14598997493734334,0.14634146341463414,0.1460603520536463,0.316631299734748,0.43229013121486237,0.29367982164915185,0.3426085706545477,0.35234007766196607,0.7666666666666666,0.6090973702914001,0.798283261802575,0.6507641196013288,0.6306198550622669,0.09861111111111112,0.06014196699609704,0.10946818230326347,0.05090436477851187,0.04271887912974187,0.48942652329749103,0.6602404643449419,0.5170023109937273,0.48717325227963526,0.6115619189935884,0.7593749999999999,0.7698841698841699,0.9083482243014771,0.7252478134110787,0.7063474135983736,0,0,0.15517380647464818,1,0
ushiwakamaru,0.905036830579335,0.6214527408075795,0.7354087139107612,0.20988677975045147,0.18230245407514017,0.7697580964977544,0.6785714285714286,0.4451851851851849,0.5026692291266279,0.6368890654914563,0.5465185618294628,0.5322899519421249,0.16416702430337038,0.48027339654087753,0.22867729195715547,0.2518978408907111,0.38123770837143534,0.7454837747844935,0.4595474348198466,0.6771226675077238,0.7015624059672014,0.9999999999999999,0.0,1.0,1.0,1.0,0.6676434681673373,0.6564145754312998,0.5822903075756536,0.5280649217168045,0.7205877809578964,0.44574780058651037,0.4308800948386535,0.46028843537414954,0.2788525615477749,0.5192467500658253,0.07654320987654321,0.07901390644753477,0.07894736842105263,0.07821698906644238,0.07858340318524727,0.21543435013262596,0.39719474313022696,0.3361423220973783,0.3788895723354026,0.35990407278232756,0.640625,0.5223880597014925,0.7023809523809523,0.5214002968827314,0.49776057746662605,0.08333333333333334,0.057841827768014054,0.0952253426203306,0.07420192602390593,0.04101167633356467,0.586021505376344,0.9043731343283581,0.8025641025641026,0.5785423268447261,0.8533596795498233,0.6490885416666667,0.6262918918918919,0.6893308579372005,0.678245766391663,0.5811810693843362,0,0,0.3912339817714314,1,1
zzs-clam-bar,0.37228747760302605,0.942857142857143,0.5008332579117266,0.17026235582382115,0.21910814596165717,0.7675063509065112,0.7321428571428572,0.4907407407407405,0.6398639245399718,0.5013119308535265,0.5872884479435423,0.18504903096223244,0.2024110709291536,0.855696552881878,0.2385104999883781,0.29082873688538513,0.6420006949432431,0.6897577440439726,0.16144700177589366,0.6314142380546088,0.6370184875435925,0.9999999999999999,1.0,1.0,1.0,1.0,0.5524443910429403,0.6650761545924962,0.4795399353362744,0.8099223289565345,0.7517480105106725,0.3051948051948052,0.442326291407542,0.35435139573070606,0.6559741789423769,0.5651250713067542,0.01728395061728395,0.017699115044247787,0.018170426065162906,0.017661900756938603,0.017812238055322716,0.18255968169761272,0.46392302440689537,0.29536852144368614,0.7017440162685722,0.4443029538033057,0.8125,0.6801705756929637,0.8620689655172413,0.6913319238900635,0.7079329187865083,0.08333333333333334,0.02987697715289982,0.12318525052217771,0.03790750568612586,0.03274615422428077,0.48252688172043,0.6458999644633973,0.6063660477453581,0.5957446808510638,0.6830936758341477,0.8997395833333335,0.6548262548262548,0.8618081125279662,0.6827458256029685,0.6571889493849566,0,0,0.19840786393121634,1,0
